Timecode,Month,Day,Hour,0.46[n/ml],0.66[n/ml],0.89[n/ml],1.15[n/ml],1.45[n/ml],1.85[n/ml],2.55[n/ml],3.5[n/ml],4.5[n/ml],5.75[n/ml],7.25[n/ml],9[n/ml],11[n/ml],13[n/ml],15[n/ml],16.5[n/ml],PM1[uq/m3],PM2.5[uq/m3],PM10[uq/m3],avg_DurationSample[s],avg_Flowrate[ml/s],NumberOfSamples,LONG,LAT,tempC,windspeedKmph,precipMM,RelHumidity%,visibility_km,pressure_mb,cloudcover%,HeatIndexC,DewPointC,sigWaveHeight_m,swellHeight_m,waterTempC,totConc[0.38-100um][n/ml]
7.41667,7,12,22,897’232,177’671,89’276.8,75’978.3,29’324.5,18’957,27’050.2,22’920.7,5’628.42,0,1’905.37,0,0,1’885.78,0,0,0.104668,0.275594,1.67346,2.96348,3.74652,46,-6.10402,49.535,17,6,0,78,10,1’028,19,17,13,0.6,0.6,16,555’266
7.41801,7,12,23,987’721,237’190,154’595,105’559,36’760.9,46’387.2,58’762,24’975,16’080.6,7’952.99,0,2’350.59,1’104.83,1’124.5,0,2’257.23,0.142877,0.43961,3.96519,3.05784,3.88297,74,-6.13376,49.5393,16,11,0,74,10,1’028,26,16,12,0.7,0.7,16,837’976
7.43952,7,13,15,2.43931e+07,7.86649e+06,6.24472e+06,2.54288e+06,622’608,261’603,171’002,71’207.3,24’843.8,2’571.01,2’623.94,2’417.72,2’520.17,0,0,4’951.07,4.72881,8.61172,14.581,3.02946,3.57757,37,-6.31268,49.9193,16,31,0.5,94,2,1’024,100,16,15,1,1.1,16,2.25492e+07
7.44489,7,13,19,731’533,131’566,87’686.1,57’490.8,18’616.4,23’310.2,28’354.2,4’797.75,2’367.96,2’305.15,0,1’234.43,1’206.99,0,1’255.83,0,0.0891253,0.241674,1.40909,2.98883,3.68325,77,-6.31262,49.9193,16,32,0.4,94,5,1’023,94,16,15,0.9,1.2,16,449’317
7.44624,7,13,20,678’647,91’662.1,51’490.3,20’043.2,10’610.5,4’672.75,12’946.7,0,1’185.05,0,1’169.62,0,0,0,0,0,0.0669553,0.115267,0.517543,3.00878,3.85554,74,-6.31266,49.9192,16,30,0.2,94,7,1’023,89,16,15,0.7,1.3,16,260’735
7.44758,7,13,21,683’750,111’715,43’697.6,34’294.1,6’825.16,6’541.1,4’647.66,939.789,944.869,0,0,0,0,0,0,0,0.0674769,0.127009,0.233574,3.01095,3.76105,95,-6.31267,49.9192,16,28,0,94,10,1’022,83,16,15,0.7,1.3,16,277’082
7.44892,7,13,22,1.0021e+06,125’378,80’174.1,24’151.9,14’286.3,7’125.45,8’281.07,1’156.68,0,1’172.02,0,0,0,0,1’162.77,0,0.0993399,0.164942,0.379286,3.0176,3.75613,75,-6.31269,49.9192,16,29,0,92,10,1’022,69,16,15,0.7,1.3,16,362’228
7.45027,7,13,23,2.1767e+06,383’337,239’748,88’700.9,29’124.4,37’377.2,17’322.6,7’392.92,1’209.1,3’781.47,1’195.89,1’151.83,0,0,0,0,0.2573,0.497613,1.92634,3.04627,3.59493,75,-6.31271,49.9192,16,31,0,90,10,1’022,54,16,14,0.9,1.4,16,1.06764e+06
7.45161,7,14,0,1.97015e+06,362’858,210’448,108’596,37’276,40’092.1,37’098.3,9’716.92,0,1’390.73,2’748.54,0,0,0,0,0,0.232656,0.511057,1.73804,2.95795,3.35411,73,-6.31269,49.9192,16,33,0,87,10,1’022,40,16,14,0.9,1.4,16,1.04288e+06
7.45296,7,14,1,1.99185e+06,314’678,181’938,79’653.4,28’147.9,28’520.9,27’173.1,3’969.21,2’670.16,0,0,1’390.92,0,0,0,0,0.216107,0.418426,1.40073,3.01218,3.20308,78,-6.31269,49.9192,16,30,0,88,10,1’021,60,16,14,0.9,1.4,16,884’249
7.4543,7,14,2,2.74143e+06,435’857,223’793,85’615.9,36’568.5,27’624,38’230.6,19’500.4,5’201.71,2’739.28,2’646.51,0,0,0,0,0,0.287973,0.506325,2.32365,3.01179,3.25205,78,-6.31272,49.9192,16,28,0,88,10,1’021,80,16,14,0.7,1.3,16,1.16575e+06
7.45565,7,14,3,4.0017e+06,645’836,358’743,114’633,39’125.5,31’801.5,28’520.7,6’922.43,2’686.34,0,1’476.22,0,1’316.38,0,0,0,0.43374,0.692804,1.5179,3.02413,3.10588,80,-6.3127,49.9192,16,26,0,88,10,1’020,100,16,14,0.7,1.3,16,1.6648e+06
7.45699,7,14,4,2.90394e+06,344’113,193’830,88’221.7,33’023.1,31’143.8,25’772.3,11’514.2,4’143.18,2’845.54,1’442.13,0,0,0,0,0,0.270846,0.497387,1.74747,3.02671,2.98228,79,-6.31278,49.9191,16,27,0,88,10,1’020,82,16,14,0.7,1.3,16,1.00689e+06
7.45833,7,14,5,2.72172e+06,338’135,159’739,88’789,34’102.2,31’342.8,30’343.4,6’833.73,2’703.51,2’579.71,0,0,0,0,0,0,0.248253,0.477086,1.27912,3.0242,3.02531,81,-6.31277,49.9192,16,28,0,87,10,1’020,65,16,13,0.9,1.4,16,942’821
7.45968,7,14,6,2.70099e+06,310’067,179’392,70’789.5,19’040.5,43’202.1,33’349.5,9’676.26,8’379.65,2’747.31,0,0,0,0,0,0,0.250754,0.480333,1.6601,3.01463,2.97744,82,-6.31271,49.9192,15,30,0,86,10,1’020,47,15,13,0.9,1.4,16,927’398
7.46102,7,14,7,3.51801e+06,375’260,198’481,100’873,39’038.6,52’168.8,36’096,14’301.7,5’846.45,2’812.56,0,0,0,0,0,0,0.309191,0.624535,1.81743,3.02075,2.88275,80,-6.31279,49.9192,15,29,0,85,10,1’020,64,15,13,0.9,1.4,16,1.13407e+06
7.46237,7,14,8,4.5466e+06,483’762,235’322,130’186,36’593.1,63’642.9,52’692,28’056.7,10’533.9,4’451.77,3’954.37,1’301.94,0,1’245.68,0,0,0.391331,0.763829,4.08146,3.02159,2.98171,82,-6.31277,49.9192,15,29,0.1,84,10,1’021,82,15,12,0.9,1.4,16,1.44307e+06
7.46371,7,14,9,2.30216e+06,299’061,151’680,90’231.2,37’990.1,39’860.3,27’123.3,11’137.5,6’748.79,5’189.93,4’085.44,1’268.03,1’355.33,0,0,0,0.218078,0.482879,3.10455,3.02388,3.10325,80,-6.31273,49.9192,15,28,0.1,84,10,1’021,99,15,12,0.9,1.4,16,893’809
7.46505,7,14,10,1.19152e+06,170’263,126’278,65’370.7,27’031.5,19’143.2,24’591.5,20’768.7,8’616.17,3’754.15,2’300.48,0,0,1’367.18,0,0,0.132905,0.290969,2.21335,3.02645,3.52211,76,-6.31275,49.9192,15,28,0.1,81,10,1’021,84,15,12,0.9,1.4,16,602’390
7.4664,7,14,11,763’332,148’179,72’822.2,33’729.7,15’634.7,29’890.3,22’004.5,6’116.11,5’499.48,2’380.87,1’640.8,0,0,0,0,0,0.0880123,0.238865,1.39306,3.01991,3.71368,114,-6.31275,49.9192,15,29,0.1,79,10,1’021,68,15,11,0.9,1.3,16,425’910
7.46774,7,14,12,625’132,87’588.2,63’264.1,20’101.2,11’896.9,14’928,16’922.3,10’895.5,4’178.13,6’590.36,2’516.83,0,0,0,0,857.952,0.0684353,0.152655,1.89995,3.01882,3.60082,110,-6.31278,49.9192,15,29,0.1,77,10,1’022,53,15,11,0.9,1.3,16,308’175
7.46909,7,14,13,2.67324e+06,759’619,362’297,125’114,68’518.3,39’649.1,53’272.9,12’767,8’993,8’310.3,1’794.5,1’759.4,0,853.834,0,0,0.384001,0.724134,3.75609,3.01231,3.46722,108,-6.31273,49.9192,15,28,0.1,77,10,1’022,48,15,11,0.9,1.3,16,1.82695e+06
7.47043,7,14,14,1.65031e+06,394’067,202’377,63’036.7,38’081.6,37’350.4,35’953.7,17’465.6,6’458.05,5’551.29,2’772.97,1’798.07,0,906.547,0,875.817,0.217851,0.452706,3.25584,3.01439,3.47206,107,-6.31275,49.9192,15,27,0,77,10,1’022,44,15,11,0.9,1.3,16,1.02455e+06
7.47177,7,14,15,813’187,146’450,78’650.4,45’691.8,17’930.7,22’038.8,18’991.5,7’006.93,6’888.77,4’445.05,1’812.41,933.187,0,903.26,0,867.838,0.0928423,0.230838,2.04,3.01654,3.54869,107,-6.31271,49.9192,15,26,0,77,10,1’022,39,15,11,0.9,1.3,16,445’453
7.47312,7,14,16,710’578,102’407,76’329.9,32’940.1,18’397.8,25’600.2,19’298,5’867.9,5’301.82,1’773.6,1’799.34,0,0,2’699.47,0,892.829,0.0798219,0.220147,1.30741,3.01896,3.50613,106,-6.31267,49.9192,15,28,0,79,10,1’022,48,15,11,0.9,1.3,16,373’130
7.47446,7,14,17,703’113,98’627.4,84’733.1,30’824.2,21’298.7,20’319.8,23’970.2,12’131.6,8’572.74,5’090.16,1’648.83,907.345,878.747,0,0,0,0.0819597,0.208059,2.27805,3.01917,3.60667,108,-6.31267,49.9192,15,30,0,80,10,1’021,56,15,12,0.9,1.3,16,390’963
7.47581,7,14,18,696’834,107’321,81’514.5,42’578.9,15’104.2,18’532,17’677.9,12’817.9,4’864.21,1’641.9,1’655.5,4’756.01,826.605,0,0,0,0.0815096,0.200918,3.18205,3.01072,3.76045,111,-6.31268,49.9192,15,33,0,81,10,1’021,65,15,12,0.9,1.3,16,390’800
7.47715,7,14,19,1.09185e+06,190’026,127’170,67’784,22’806.7,25’654.4,24’027.8,7’827.1,3’160.96,1’590.31,749.911,769.697,790.556,0,0,0,0.131173,0.306187,1.44202,3.00702,3.76316,114,-6.31271,49.9192,15,34,0,82,10,1’021,77,15,12,0.9,1.3,16,603’530
7.47849,7,14,20,789’207,150’553,102’729,59’079,29’580,41’504,35’174.1,14’813.4,6’594.57,9’213.71,911.935,1’786.07,0,939.878,0,0,0.100908,0.332782,3.06476,3.02418,3.66184,98,-6.31269,49.9192,15,35,0,83,10,1’021,88,15,12,1.1,1.4,16,553’787
7.47984,7,14,21,970’284,198’805,127’392,61’192.3,20’759.7,35’080.8,16’105.4,5’304.69,3’818.11,5’106.64,0,0,1’295.58,0,0,0,0.125899,0.324738,1.27389,3.01459,3.47595,74,-6.31269,49.9192,15,37,0,84,10,1’021,100,15,13,1.1,1.4,16,600’760
7.48118,7,14,22,1.68728e+06,286’993,136’684,76’970.9,42’164.3,31’335,15’494.1,13’613.1,0,7’859.7,0,0,1’609.3,1’292.24,0,0,0.17957,0.411608,1.63384,3,3.33896,77,-6.31268,49.9192,15,37,0.1,84,10,1’021,100,15,13,1.1,1.4,16,793’587
7.48253,7,14,23,1.39353e+06,247’571,146’263,80’015.9,50’205.6,48’413.2,26’267.6,4’065.61,6’593.73,8’250.4,1’393.59,0,0,0,0,0,0.162693,0.466069,2.19926,3.03592,3.27132,76,-6.31271,49.9192,15,38,0.1,83,10,1’021,100,15,13,1.1,1.5,16,781’732
7.48387,7,15,0,1.6476e+06,275’405,160’157,70’432.8,42’390.6,34’491.8,29’996.8,9’912.13,7’315.58,1’430.1,0,0,0,0,0,0,0.184371,0.422621,1.39643,2.97149,3.13973,74,-6.31267,49.9192,16,39,0.2,83,10,1’021,100,16,13,1.1,1.5,16,815’904
7.48522,7,15,1,1.48764e+06,222’260,145’934,59’938,32’981.6,35’232.2,21’830.9,11’882.8,1’483.64,0,1’274.3,0,0,0,0,1’278.22,0.16297,0.380047,1.16083,3.009,3.07725,80,-6.31268,49.9192,15,36,0.2,83,10,1’020,95,15,12,1.1,1.5,16,697’065
7.48656,7,15,2,1.95019e+06,317’313,167’754,111’527,46’607.5,55’368.6,27’730.9,19’831,7’218.11,3’168.94,0,0,1’375.89,0,0,0,0.208834,0.555235,1.9011,3.02632,3.00197,76,-6.31266,49.9192,15,33,0.1,83,10,1’019,90,15,12,0.9,1.6,16,966’730
7.4879,7,15,3,2.72322e+06,520’105,232’233,92’613.1,63’268.7,57’823.2,36’363.3,25’616.6,7’397.9,1’670.12,1’384.59,1’474.99,0,0,0,0,0.302949,0.669441,2.91755,3.02571,2.94468,77,-6.31272,49.9192,15,30,0.1,84,10,1’019,86,15,12,0.9,1.6,16,1.3429e+06
7.48925,7,15,4,2.5618e+06,341’083,182’242,82’954.3,37’220.8,24’653,26’912.3,22’793.8,1’802.26,6’838.95,0,0,0,0,0,0,0.248759,0.456087,1.96768,3.02409,2.86652,66,-6.31267,49.9192,15,29,0.1,83,10,1’019,82,15,12,0.9,1.6,16,975’260
7.49059,7,15,5,2.39585e+06,352’038,226’150,108’747,27’055.3,38’204.4,20’313.4,16’470.8,1’462.13,5’941.71,2’997.18,1’333.38,0,0,0,0,0.258581,0.514609,2.82797,3.02359,2.90538,78,-6.31272,49.9192,15,27,0.1,83,10,1’019,79,15,12,0.9,1.6,16,1.05929e+06
7.49194,7,15,6,2.36806e+06,368’166,176’105,125’261,26’005.9,35’970.5,36’343.9,11’974.7,7’560.62,0,1’624.03,0,0,0,0,1’675.39,0.241127,0.501453,1.77038,3.02462,2.87538,78,-6.31269,49.9192,15,26,0.1,83,10,1’019,76,15,12,0.9,1.6,16,1.03181e+06
7.49328,7,15,7,2.21293e+06,363’801,228’600,112’240,50’480.2,51’576.8,26’913.7,11’056.5,8’698.04,5’448.28,2’690.42,1’514.08,0,0,0,0,0.251715,0.592685,3.14614,3.02413,2.976,80,-6.31273,49.9192,15,25,0.1,83,10,1’019,73,15,12,0.9,1.6,16,1.11473e+06
7.49462,7,15,8,2.29891e+06,435’386,301’067,171’591,90’124,79’013.8,71’752.2,28’582.6,7’736.86,1’337.79,2’804.13,4’319.88,1’337.79,1’295.85,0,1’219.4,0.293719,0.835815,4.80722,3.02388,3.03137,80,-6.31268,49.9192,15,24,0,82,10,1’020,71,15,12,0.8,1.6,16,1.49129e+06
7.49597,7,15,9,1.51589e+06,294’503,208’033,128’962,58’517,75’041.9,65’473.4,24’490.7,9’839.87,3’598.95,2’329.35,1’185.01,0,1’151.25,0,0,0.198235,0.643803,3.50471,3.01793,3.3611,82,-6.31267,49.9192,15,22,0,82,10,1’020,68,15,12,0.8,1.6,16,1.07136e+06
7.49731,7,15,10,1.37439e+06,281’847,193’623,120’773,60’915.5,64’994.2,39’796.7,31’895.2,16’170.5,16’195.2,5’256.74,3’961.26,0,2’647.37,0,0,0.183564,0.592126,6.59487,2.99636,3.28429,77,-6.31268,49.9192,15,23,0,82,10,1’020,70,15,12,0.8,1.6,16,1.02164e+06
7.49866,7,15,11,1.25022e+06,282’347,193’812,115’281,54’316.5,57’892.1,46’927.4,17’474.8,1’332.45,3’903.61,1’362.15,0,0,1’357.83,0,0,0.177549,0.548459,2.07098,2.99744,3.25603,78,-6.31269,49.9192,15,23,0,81,10,1’020,71,15,12,0.7,1.5,16,953’556
7.5,7,15,12,1.13551e+06,244’905,167’875,115’376,52’612.4,60’092.8,35’917.4,22’024.8,10’015.5,7’712.07,3’838.96,1’239.86,0,0,0,0,0.156697,0.531786,3.82049,2.99718,3.35795,78,-6.31273,49.9192,15,24,0,80,10,1’021,73,15,12,0.7,1.5,16,878’307
7.50134,7,15,13,1.30853e+06,311’681,207’543,127’369,55’005.7,69’880.4,34’750,19’041,2’541.89,5’099.48,0,1’263.52,1’248.96,0,0,0,0.190244,0.610781,2.45118,2.99662,3.43792,77,-6.31271,49.9192,15,24,0,81,10,1’021,51,15,12,0.7,1.5,16,1.02567e+06
7.50269,7,15,14,1.81644e+06,530’998,402’741,201’156,72’162.6,64’430.4,67’109.4,32’658.6,11’302,2’563.13,3’889.82,1’357.17,2’480.16,0,0,1’219.54,0.320612,0.809801,4.21209,2.99974,3.48338,77,-6.31266,49.9192,16,24,0,81,10,1’021,29,16,12,0.7,1.4,16,1.71468e+06
7.50403,7,15,15,1.01311e+06,263’953,159’109,108’089,47’343,39’649,37’448.9,14’001.9,7’911.49,4’272.51,3’806.24,0,0,0,0,0,0.150064,0.443149,2.64215,2.99947,3.44197,76,-6.31267,49.9192,16,24,0,82,10,1’021,7,16,13,0.7,1.4,16,835’648
7.50538,7,15,16,754’282,153’788,117’477,79’463.4,48’245,40’319.4,27’386.2,14’700.8,11’580,2’604.53,1’326.42,5’098.44,0,0,0,0,0.104762,0.378307,3.9652,3.00219,3.46137,73,-6.31267,49.9192,16,27,0,85,10,1’021,28,16,13,0.7,1.4,16,606’751
7.50672,7,15,17,603’935,142’730,102’591,54’253.4,27’429.6,31’170.2,27’520,14’165,2’588.33,2’512.66,1’235.28,0,0,0,0,0,0.0900553,0.28052,1.45655,3.00541,3.46027,74,-6.31265,49.9192,16,30,0,87,10,1’021,49,16,14,0.9,1.4,16,496’251
7.50806,7,15,18,496’967,108’767,76’017.3,62’561,22’735.6,31’370.8,20’481,7’210.28,4’812.58,2’375.95,0,0,1’178.42,0,0,0,0.069681,0.259386,1.06478,3.0092,3.694,75,-6.31264,49.9192,16,32,0,90,10,1’021,70,16,15,0.9,1.4,16,407’191
7.50941,7,15,19,691’790,147’144,104’837,57’941.4,20’950.1,38’915.8,12’291.6,1’242.62,2’643.97,1’215.39,1’278.43,0,0,0,0,0,0.0961073,0.304452,0.940776,3.0056,3.59053,75,-6.31265,49.9192,16,32,0,91,10,1’022,79,16,15,0.9,1.4,16,484’567
7.51075,7,15,20,911’267,186’903,118’118,81’729.7,25’291.8,30’243.9,31’524.6,12’594,3’771.8,3’901.09,0,1’277.53,0,0,0,0,0.117902,0.323965,1.93463,3.00276,3.50526,76,-6.31265,49.9192,16,31,0,91,10,1’022,88,16,15,0.8,1.4,16,613’257
7.5121,7,15,21,1.11651e+06,226’059,132’538,66’262.8,28’017.6,41’050.6,23’080.2,9’012.27,1’283.17,5’136.9,0,0,0,0,0,0,0.139958,0.373005,1.34805,3.00038,3.37359,78,-6.31269,49.9192,17,30,0,91,10,1’022,98,17,15,0.8,1.4,16,672’399
7.51344,7,15,22,1.44972e+06,344’639,224’457,157’480,68’818.1,94’643.5,47’941.6,30’733.6,2’604.87,4’071.08,0,1’307.31,2’614.62,3’894.2,0,9’144.01,0.208551,0.75654,2.89041,2.99772,3.16291,79,-6.31269,49.9192,17,30,0,90,10,1’023,98,17,15,0.8,1.4,16,1.2009e+06
7.51478,7,15,23,1.06267e+06,126’697,95’226.4,64’622.2,19’373.1,24’413.7,17’560.5,7’584.99,1’402.96,1’449.11,0,0,0,0,0,0,0.108361,0.271993,0.805798,3.06757,3.06932,74,-6.31272,49.9192,17,30,0,89,10,1’023,99,17,15,0.9,1.4,16,466’691
7.51613,7,16,0,978’063,129’748,61’687.4,38’360.5,21’729.3,32’208.2,7’739.05,1’570.5,1’471.42,1’485.48,0,0,0,0,0,0,0.0924306,0.263865,0.584122,2.97764,3.03819,72,-6.3127,49.9192,17,30,0,89,10,1’023,100,17,15,0.9,1.4,16,388’430
7.51747,7,16,1,1.21179e+06,154’277,77’584,43’641.5,11’437.3,14’827.2,5’623.05,5’626.91,1’482.61,0,0,1’407.73,1’472.17,0,0,0,0.112968,0.215202,0.998988,3.02759,2.90557,79,-6.31268,49.9192,17,28,0,90,10,1’023,84,17,15,0.9,1.4,16,430’348
7.51882,7,16,2,1.3744e+06,160’337,86’274.1,50’443.9,29’893.8,19’043.2,16’308.2,4’089.54,4’017.74,1’386.77,0,0,0,0,0,1’311.21,0.125816,0.277043,0.839559,3.01778,3.0616,81,-6.31268,49.9192,16,25,0,91,10,1’022,68,16,15,1,1.4,16,498’922
7.52016,7,16,3,1.5839e+06,175’829,75’880.7,51’785.2,32’384.4,23’416.1,15’092,8’523.91,0,1’659.84,0,0,0,0,0,0,0.13549,0.30588,0.792755,3.02382,2.89309,68,-6.31273,49.9192,16,23,0,92,10,1’022,53,16,15,1,1.4,16,520’061
7.52151,7,16,4,1.9907e+06,198’160,122’550,50’656.8,22’780.4,20’696.8,13’523.6,1’379.72,0,0,0,0,0,0,0,0,0.176272,0.321102,0.469619,3.02662,2.93987,77,-6.31274,49.9192,16,24,0,91,10,1’022,53,16,15,1,1.4,16,606’020
7.52285,7,16,5,2.35043e+06,212’711,145’035,72’114.1,20’045.8,15’927.4,11’428,2’761.46,0,0,0,1’407.69,0,0,0,0,0.205455,0.347703,1.04534,3.0242,3.03099,81,-6.31278,49.9192,16,26,0,90,10,1’022,54,16,14,1,1.3,16,686’886
7.52419,7,16,6,2.70718e+06,230’804,98’166.2,47’432,24’357.4,17’001.9,14’281.2,4’284.64,3’078.25,2’803.7,0,1’381.47,0,0,0,0,0.208612,0.341632,1.51444,3.02405,2.95835,79,-6.31274,49.9192,16,27,0,89,10,1’023,55,16,14,1,1.3,16,652’203
7.52554,7,16,7,2.63702e+06,223’676,93’693.9,55’964.7,33’940.3,32’401.2,24’895.1,5’846.24,0,0,1’481.15,1’596.78,0,0,0,0,0.203365,0.408531,1.66055,3.02351,2.97519,77,-6.31276,49.9192,16,23,0,89,10,1’023,70,16,14,1,1.3,16,676’861
7.52688,7,16,8,1.80962e+06,152’062,115’724,69’115.9,14’034.3,40’776.6,11’216.4,2’651.5,0,2’668.6,0,0,0,0,0,0,0.158418,0.370227,0.792593,3.09949,3.11385,39,-6.31278,49.9192,16,19,0,90,10,1’024,85,16,14,0.9,1.3,16,566’667
7.52957,7,16,10,1.88954e+06,356’760,227’383,66’729.1,26’595.3,14’645.9,7’420.08,0,0,0,2’347.38,0,0,0,0,0,0.234391,0.378572,0.91114,2.95714,3.19571,42,-6.31287,49.9192,16,15,0,91,10,1’024,96,16,15,0.9,1.3,16,936’273
7.53091,7,16,11,799’515,135’714,79’770.9,44’825.6,14’103.5,14’734,10’289.1,5’031,5’989.34,2’562,1’312.34,0,0,0,1’292.46,0,0.090334,0.197468,1.20148,3.0059,3.36744,78,-6.38972,49.9157,16,15,0,91,10,1’025,93,16,15,0.5,1.2,16,405’958
7.53226,7,16,12,699’707,101’531,66’033.4,45’662.1,21’141.9,27’277.3,15’785.1,5’226,0,0,0,0,1’301.41,0,0,0,0.076029,0.235703,0.48979,2.99675,3.37818,77,-6.38424,49.998,16,14,0,91,10,1’025,89,16,15,0.5,1.2,16,359’988
7.5336,7,16,13,682’474,86’660.3,73’508.1,52’399.1,16’451.6,16’513.8,11’540.9,5’131.13,0,0,0,0,0,0,0,0,0.0747045,0.197702,0.412752,3.00038,3.39218,78,-6.31815,50.0729,16,15,0,91,10,1’025,80,16,15,0.5,1.2,16,336’910
7.53495,7,16,14,991’661,138’893,107’235,49’843,19’992,19’398.5,10’361.9,6’900.91,0,0,0,0,0,0,0,1’303.97,0.110974,0.246739,0.49138,2.99987,3.29273,77,-6.25074,50.1524,16,17,0,91,10,1’024,71,16,15,0.6,1.1,16,464’901
7.53629,7,16,15,826’524,104’229,74’104.8,54’225.2,18’916.7,11’860.6,4’758.69,4’719.3,2’369.42,0,0,0,0,0,0,0,0.0842443,0.197528,0.458065,3.07658,3.765,38,-6.1834,50.239,17,19,0,90,10,1’024,55,17,15,0.7,0.9,16,359’428
7.54032,7,16,18,1.42625e+07,5.44624e+06,4.73389e+06,2.99737e+06,662’990,270’926,124’990,46’754.3,9’806.75,0,4’663.79,5’048.88,0,0,0,0,3.29272,7.63384,13.0887,3.0285,3.5195,20,-5.96575,50.5316,16,23,0,92,10,1’024,42,16,15,0.6,0.8,16,1.75954e+07
7.54032,7,16,18,2.04666e+07,7.53395e+06,6.06311e+06,4.70842e+06,1.50811e+06,1.4682e+06,548’052,266’017,88’216.1,59’528.1,10’532.7,7’739.57,2’498.67,0,0,0,4.4113,15.4243,41.3212,2.9473,3.42514,37,-5.96575,50.5316,16,23,0,92,10,1’024,42,16,15,0.6,0.8,16,2.66757e+07
7.54167,7,16,19,1.26709e+07,6.08473e+06,4.37993e+06,3.53489e+06,1.18597e+06,955’809,329’762,136’093,41’368.1,15’144.1,4’365.88,2’129.83,0,0,0,0,3.1761,11.0485,22.1259,3.08895,3.99605,38,-5.90432,50.6309,16,23,0,92,10,1’024,45,16,15,0.6,0.8,16,1.98463e+07
7.72715,7,22,13,1’438.32,0,2’876.63,0,0,0,0,0,0,0,0,0,0,0,0,0,0.00111131,0.00111131,0.00111131,2.97436,4.17273,55,-4.64224,53.32,15,41,0,88,10,1’020,100,15,13,1.4,1.1,14,3’987.95
7.72849,7,22,14,27’660.9,14’055.5,10’155,10’497,4’408.91,19’158.6,14’539.1,4’525.52,0,0,0,0,0,0,0,0,0.00756744,0.0860354,0.313741,2.99987,3.75539,76,-4.64225,53.32,15,41,0,89,10,1’020,100,15,13,1.4,1.2,14,84’907
7.73118,7,22,16,5.83644e+06,2.71114e+07,1.80409e+07,3.23983e+06,171’320,8’329.98,0,0,0,0,0,0,0,0,0,0,11.0214,13.8984,13.8984,3.00462,4.22115,52,-4.64226,53.32,15,40,0,91,10,1’019,100,15,13,1.4,1.2,14,5.95931e+07
7.73253,7,22,17,56’679.9,10’351.9,2’160.06,1’018.24,0,0,0,0,0,0,0,0,0,0,0,0,0.00432707,0.00511381,0.00511381,3.00104,3.81623,77,-4.64224,53.3199,15,39,0,91,10,1’019,100,15,13,1.3,1.2,14,17’857.3
7.73387,7,22,18,1’018.5,0,0,0,0,1’018.5,0,0,0,0,0,0,0,0,0,0,0,0.00341009,0.00341009,3.00026,4.25,77,-4.64223,53.3199,15,38,0,92,10,1’019,100,15,14,1.3,1.2,14,1’018.5
7.73656,7,22,20,12’055.5,4’892.11,0,1’204.44,0,0,0,0,0,0,0,0,0,0,0,0,0.000786094,0.0017032,0.0017032,3.00351,3.90182,77,-4.64228,53.32,15,35,0.4,92,10,1’019,100,15,13,1.1,1,14,6’882.65
7.75538,7,23,10,1.3852e+06,400’914,399’959,382’373,196’639,271’003,203’815,22’647.6,10’427.4,15’029.6,0,2’975.6,0,0,0,0,0.278519,1.79512,7.20056,3.02675,3.09247,77,-4.64226,53.32,14,39,1.5,95,9,1’013,100,14,14,1.3,1.1,14,2.1843e+06
7.75672,7,23,11,2.52883e+06,839’734,896’553,759’005,456’754,601’940,338’903,39’108,12’214.9,4’663.7,0,4’965.93,0,2’282.46,0,0,0.58559,3.91355,10.6699,3.00373,2.74765,51,-4.64227,53.32,14,37,0.8,95,10,1’013,100,14,14,1.1,0.8,14,4.54171e+06
7.75806,7,23,12,2.89497e+06,832’993,920’824,724’470,439’876,527’277,350’692,52’920.1,33’470.8,23’011.7,4’057.52,7’265.74,0,3’787.02,0,0,0.612687,3.63821,15.3311,2.96364,2.80394,33,-4.64223,53.32,15,35,0,95,10,1’012,100,15,14,1.1,0.8,14,4.53333e+06
7.75941,7,23,13,2.62092e+06,624’072,558’162,525’993,292’649,395’671,230’900,38’900.1,21’193.8,6’608.4,11’751.2,6’850.68,0,0,0,0,0.43318,2.62882,12.1318,3.01151,2.78283,53,-4.64225,53.32,15,32,0,94,10,1’012,100,15,14,1.1,0.8,14,3.14593e+06
7.76075,7,23,14,4.46816e+06,930’378,957’790,733’466,458’842,667’999,269’915,62’921.5,22’358.6,3’466.23,3’164.4,0,0,0,0,0,0.721858,4.24991,10.0437,2.99371,2.87657,70,-4.64226,53.32,15,29,0.1,93,10,1’012,100,15,14,0.9,0.7,14,4.83216e+06
7.7621,7,23,15,3.38563e+06,644’928,641’988,578’898,294’993,417’435,137’996,38’819.9,14’103.2,9’797.71,1’537.5,1’319.24,0,0,0,0,0.506954,2.82116,7.34743,3.02684,3.0343,79,-4.64222,53.32,16,26,0.1,92,10,1’012,100,16,14,0.9,0.7,14,3.28877e+06
7.76344,7,23,16,1.00336e+06,160’803,115’730,61’729,52’618,78’316.4,31’558.2,9’162.41,2’791.01,1’409.84,0,1’329.53,0,0,0,0,0.118389,0.510729,1.77138,3.01291,3.13557,79,-4.64226,53.32,16,21,0.1,92,10,1’012,100,16,14,0.9,0.7,14,633’837
7.76478,7,23,17,2.04087e+06,199’772,109’445,52’030.5,43’948.7,76’538.5,37’607.9,17’418,6’116.76,0,1’265.46,0,0,0,0,0,0.174789,0.539411,1.80073,3.02098,3.2322,82,-4.64227,53.32,16,16,0,91,10,1’012,100,16,14,0.7,0.5,14,718’932
7.76613,7,23,18,3.90623e+06,423’846,182’557,92’249.5,49’561.7,60’605.9,31’543.2,22’996.7,7’829.76,11’752.9,3’700.23,0,0,0,0,0,0.330018,0.682991,3.75323,3.01218,3.36333,78,-4.64226,53.3199,16,12,0,91,10,1’012,100,16,14,0.7,0.5,14,1.21666e+06
7.76747,7,23,19,6.23349e+06,656’466,226’909,59’916.5,39’069.9,53’648.9,37’829.9,25’009,11’251.2,2’433.66,2’534.95,0,1’204.47,0,0,0,0.500021,0.787519,2.96195,3.01688,3.34787,80,-4.64227,53.32,15,10,0,90,10,1’012,94,15,14,0.7,0.5,14,1.61629e+06
7.76882,7,23,20,9.69929e+06,1.43483e+06,477’962,77’728.3,33’986.7,42’305.4,32’287.2,14’850.5,13’061.2,6’769.48,3’870.92,1’179.76,0,0,0,0,0.886018,1.14261,4.27375,3.02241,3.28924,79,-4.64226,53.32,15,8,0.1,89,10,1’012,87,15,14,0.6,0.4,14,3.02485e+06
7.77016,7,23,21,1.03952e+07,1.49973e+06,527’821,96’638.6,25’781.4,43’954.3,40’349.3,26’303.6,19’893.8,15’024.2,6’074.71,2’308.54,1’292.59,0,0,0,0.949696,1.21421,6.69112,3.01263,3.349,80,-4.64226,53.32,15,6,0.1,88,10,1’012,81,15,14,0.6,0.4,14,3.25487e+06
7.77151,7,23,22,1.28091e+07,1.61564e+06,537’535,129’860,57’438.8,81’700.5,54’300.8,31’575.2,7’289.87,6’119.62,2’870.23,2’643.67,0,0,0,0,1.09367,1.56042,5.27866,3.02675,3.30113,80,-4.64226,53.32,15,7,0.1,89,10,1’012,78,15,13,0.6,0.4,14,3.62064e+06
7.77285,7,23,23,3.03185e+07,4.80068e+06,1.74832e+06,323’866,86’286.7,88’648.2,77’692.9,21’351.1,9’949.67,8’775.21,7’449.71,3’673.49,1’225.47,0,0,0,2.9115,3.60011,8.98676,3.06506,3.27025,79,-4.64222,53.32,15,7,0.1,89,10,1’012,76,15,13,0.5,0.4,14,1.00894e+07
7.77419,7,24,0,2.41391e+07,3.50049e+06,1.30375e+06,223’908,58’187.1,58’363.3,48’014,23’989.8,15’294.4,7’233.71,1’398.51,0,0,0,0,0,2.23758,2.70224,5.38427,2.97726,3.2274,73,-4.64226,53.32,15,8,0.1,89,10,1’012,73,15,13,0.5,0.4,14,7.4782e+06
7.77554,7,24,1,1.84377e+07,2.81916e+06,1.09716e+06,244’937,52’848,67’986.3,30’543.2,27’449,3’970.53,5’062.81,2’529.08,2’392.96,0,0,0,0,1.76795,2.27259,5.26114,3.02388,3.29713,80,-4.64227,53.32,14,10,0.1,90,10,1’012,64,14,13,0.5,0.4,14,6.12198e+06
7.77688,7,24,2,3.05086e+07,8.55636e+06,3.81231e+06,833’818,136’543,121’412,80’356.7,36’022.6,24’536.1,13’623.9,15’585.8,6’008.32,2’391.14,0,0,0,4.24717,5.53053,14.9571,3.02383,3.36049,81,-4.64227,53.32,14,11,0,91,10,1’012,55,14,12,0.5,0.3,14,1.78861e+07
7.77823,7,24,3,1.21736e+07,2.21223e+06,799’803,211’578,55’537.2,69’403.2,61’443.2,26’270.9,8’833.95,4’007.72,1’282.56,1’173.25,1’211.1,0,0,0,1.24771,1.73486,4.38032,3.02675,3.18575,80,-4.64228,53.32,14,13,0,92,10,1’012,46,14,12,0.5,0.3,14,4.70049e+06
7.77957,7,24,4,1.33263e+06,235’839,204’266,109’159,84’055,123’114,80’794.7,12’526.8,6’796.93,1’360.77,0,0,0,0,0,0,0.179121,0.807749,2.24984,3.0242,3.01383,81,-4.64227,53.32,14,10,0,91,10,1’012,49,14,12,0.5,0.3,14,1.03703e+06
7.78091,7,24,5,1.08738e+06,354’050,235’352,188’152,80’027.7,190’146,75’250,28’696.4,17’024.6,7’025.9,0,0,0,0,0,0,0.195416,1.10296,3.91074,3.02319,2.8729,69,-4.64227,53.32,14,8,0,91,10,1’012,53,14,12,0.4,0.3,14,1.37114e+06
7.78226,7,24,6,979’555,220’788,228’512,182’831,88’898.9,163’928,75’924.8,29’184.7,24’895.9,3’531.26,3’555.19,1’772.68,0,0,0,0,0.167455,0.998261,5.23608,3.00574,2.81794,68,-4.64224,53.32,14,5,0,91,10,1’012,57,14,12,0.4,0.3,14,1.19128e+06
7.7836,7,24,7,1.12628e+06,303’046,245’396,163’519,92’966,173’357,80’330.3,34’145.1,14’460.1,8’085.3,1’362.4,1’358.17,2’735.03,0,0,0,0.193547,1.04608,4.79418,3.00868,3.11803,76,-4.64228,53.32,14,5,0,90,10,1’012,58,14,12,0.4,0.3,14,1.31431e+06
7.78495,7,24,8,878’492,236’309,235’581,174’154,105’838,147’704,61’738.8,37’198.5,7’997.28,8’331,4’199.64,1’541.75,0,0,0,0,0.167358,0.964192,4.96822,3.02525,3.10737,80,-4.62194,53.3338,14,5,0,88,10,1’012,58,14,12,0.4,0.2,14,1.18795e+06
7.78629,7,24,9,904’007,303’049,238’547,134’377,76’169,115’648,51’764.9,25’746.8,11’975.9,7’029.85,4’981.61,0,0,0,0,0,0.179746,0.791398,4.08277,3.02388,3.242,80,-4.64218,53.3201,14,4,0,87,10,1’012,59,14,12,0.4,0.2,14,1.14903e+06
7.78763,7,24,10,1.19389e+06,264’470,196’629,142’762,64’469,76’201.9,52’417.4,28’056,12’019,5’592.32,2’743.83,2’595.98,0,0,0,0,0.173328,0.641954,4.39143,3.01179,3.23077,78,-4.64218,53.3201,15,4,0,87,10,1’011,65,15,12,0.4,0.2,14,1.02128e+06
7.78898,7,24,11,1.54334e+06,232’640,166’733,106’873,60’322.5,37’784.1,28’309.2,12’902.7,5’254.85,0,0,0,0,0,0,0,0.174731,0.481509,1.26786,3.01244,3.35128,78,-4.64216,53.3201,15,3,0,86,10,1’011,71,15,13,0.5,0.2,14,825’549
7.79032,7,24,12,2.13562e+06,274’649,178’831,75’204.8,26’253.9,35’467.1,26’336.1,6’839.5,4’041.72,1’402.35,1’459.78,0,0,0,0,0,0.215781,0.435449,1.44061,2.99744,3.10923,78,-4.64217,53.3201,15,2,0,86,10,1’011,77,15,13,0.5,0.2,14,846’266
7.79167,7,24,13,1.53857e+06,224’510,106’563,43’203.7,21’665,18’683.3,8’556.34,9’918.9,4’411.18,1’428.78,0,0,0,0,0,0,0.151371,0.282407,0.931975,2.99974,3.07842,76,-4.64213,53.3201,16,10,0,87,10,1’010,78,16,13,0.5,0.2,14,590’311
7.79301,7,24,14,3.10343e+06,300’506,171’531,71’922.8,28’307.7,43’177.5,33’696.1,10’516.5,6’055.88,0,1’650.92,0,0,0,0,0,0.266742,0.511905,1.65833,3.03606,3.13535,71,-4.64213,53.3201,16,18,0,87,10,1’010,79,16,14,0.7,0.4,14,934’106
7.79839,7,24,18,1.09617e+07,1.82405e+06,737’886,329’944,231’206,352’912,123’606,58’871.2,5’540.4,10’682.1,3’171.39,0,0,0,0,0,1.10499,2.90689,7.25839,2.95077,2.9359,39,-4.64216,53.3201,16,37,0.2,91,2,1’008,100,16,14,1.1,0.8,14,4.78286e+06
7.79973,7,24,19,7.88119e+06,1.21011e+06,819’777,573’594,302’688,521’286,194’733,59’291.1,28’628.5,17’018.7,1’753.28,0,0,0,0,0,0.885908,3.55305,9.98097,2.9981,3.03621,58,-4.64216,53.3201,15,37,1.8,93,4,1’007,100,15,14,1.1,0.8,14,4.61479e+06
7.80108,7,24,20,4.62046e+06,840’297,704’307,529’310,342’132,648’048,394’570,87’511.6,53’374.9,28’076.4,4’572.62,0,0,0,0,0,0.62128,3.73522,15.3688,3.01118,2.97412,68,-4.64217,53.3201,15,37,3.5,94,5,1’007,100,15,14,1.1,1,14,4.25348e+06
7.80242,7,24,21,3.98979e+06,635’650,625’472,428’523,346’572,574’596,431’632,130’318,74’685.8,49’590.7,3’487.24,0,0,0,0,0,0.529755,3.32835,19.1851,2.97222,2.73361,36,-4.6421,53.3201,15,36,5.1,96,7,1’006,100,15,15,1.1,1,14,3.83028e+06
7.80376,7,24,22,9.74831e+06,1.86539e+06,1.33902e+06,875’699,453’764,803’479,886’507,154’695,119’238,71’916.8,10’622.9,7’420.85,6’832.04,0,0,0,1.27118,5.35475,34.3064,3.004,2.74486,35,-4.64214,53.3201,15,38,3.4,96,8,1’006,100,15,15,1.1,1,14,7.86577e+06
7.80511,7,24,23,3.959e+07,8.53093e+06,4.48024e+06,2.13801e+06,906’598,1.34709e+06,1.66069e+06,270’928,113’782,122’915,37’699.6,36’460,16’858.4,29’485,14’288,19’158.7,4.95107,12.561,72.1143,3.0475,2.86958,48,-4.64215,53.3201,15,40,1.7,95,9,1’006,100,15,14,1.2,1.2,14,2.46762e+07
7.80645,7,25,0,5.19968e+07,1.07875e+07,5.28457e+06,2.46929e+06,1.31617e+06,2.23269e+06,2.94371e+06,710’601,321’536,147’230,42’896.2,27’363.6,8’609.5,8’691.68,5’840.06,5’765.18,6.21966,17.6803,108.115,2.94561,2.77073,41,-4.64217,53.3201,15,42,0,95,10,1’005,100,15,14,1.2,1.2,14,3.25321e+07
7.8078,7,25,1,4.91641e+07,1.00451e+07,4.7962e+06,2.28853e+06,1.24696e+06,1.97849e+06,2.43509e+06,549’776,234’243,105’967,28’251.7,13’535.3,0,4’921.41,0,0,5.78336,16.1459,82.1045,2.98327,2.79962,52,-4.64215,53.3201,15,40,0.4,96,10,1’004,100,15,14,1.2,1.2,14,2.95104e+07
7.80914,7,25,2,5.54837e+07,1.13503e+07,5.54264e+06,2.28228e+06,1.01767e+06,1.43075e+06,1.67341e+06,351’639,159’717,105’108,69’237.3,53’575.7,12’635.4,35’666.2,18’483.3,30’491.7,6.57612,14.754,89.4389,3.0207,2.87281,57,-4.64215,53.3201,15,38,0.8,97,9,1’003,100,15,14,1.1,1.3,14,3.07097e+07
7.81048,7,25,3,4.71645e+07,1.23886e+07,6.22193e+06,2.38225e+06,732’836,875’271,913’231,146’187,52’977.5,39’357.5,19’087.4,14’167.7,10’024.5,4’944.85,8’523.91,24’515.5,6.5604,12.5246,39.3754,3.00706,2.86765,68,-4.64215,53.3201,15,36,1.2,98,9,1’003,100,15,15,1.1,1.3,14,3.03943e+07
7.81183,7,25,4,5.55462e+07,1.45546e+07,7.3638e+06,2.81448e+06,1.07166e+06,1.45493e+06,1.8257e+06,410’099,189’811,129’940,35’950.6,51’768.8,35’169,23’008,8’850.65,35’315,7.73275,16.4998,90.4165,3.00923,2.90169,65,-4.64213,53.3201,15,32,0.8,97,9,1’003,95,15,14,1.1,1.3,14,3.77378e+07
7.81317,7,25,5,4.98674e+07,1.30725e+07,6.15359e+06,2.15595e+06,795’862,1.15059e+06,1.18885e+06,215’360,101’285,116’710,69’977.1,97’890.8,53’297.3,49’687.4,16’753,66’650.5,6.77616,13.5731,96.4505,3.02706,2.95059,68,-4.64215,53.3201,15,28,0.4,96,10,1’003,90,15,14,0.9,1,14,3.20811e+07
7.81452,7,25,6,4.17662e+07,1.18166e+07,5.73801e+06,1.86041e+06,626’068,615’810,687’479,145’452,98’954.3,164’532,118’037,173’619,106’963,97’854.6,59’573.8,147’659,6.02058,10.5397,130.607,3.0275,2.85578,64,-4.64216,53.3201,15,24,0,95,10,1’003,86,15,14,0.9,1,14,2.84776e+07
7.81586,7,25,7,4.24233e+07,1.29845e+07,6.68629e+06,2.17034e+06,655’789,868’363,813’613,154’197,82’762.3,63’394.4,23’235.4,16’164.1,20’331,24’045.7,1’711,25’500.8,6.57895,12.2294,43.7977,3.048,2.86815,65,-4.64997,53.3685,15,24,0,93,10,1’003,76,15,14,0.9,1,14,3.11692e+07
7.85484,7,26,12,580’561,204’635,208’151,125’054,59’228.6,61’798.6,13’787.4,14’726.2,5’219.47,3’741.22,0,0,0,0,0,0,0.137631,0.535794,1.60674,2.99477,3.07058,86,-5.67191,54.6654,15,17,0.6,80,10,1’005,66,15,12,0.8,0.5,14,833’972
7.85618,7,26,13,737’577,322’513,327’380,243’138,96’825.1,123’336,55’425.1,14’018.3,8’609.18,4’089.92,0,0,0,0,0,0,0.207338,0.963452,2.57638,3.01269,3.02256,78,-5.6719,54.6654,15,16,0.4,77,10,1’005,66,15,11,0.8,0.5,14,1.40267e+06
7.85753,7,26,14,1.08501e+06,475’289,545’335,322’363,136’805,154’769,79’587.2,26’822.9,13’931.6,12’703.5,2’742.03,0,0,0,0,0,0.327911,1.31475,5.08262,2.99718,3.02718,78,-5.67191,54.6654,16,16,0.3,74,10,1’005,66,16,11,0.8,0.5,14,2.09826e+06
7.85887,7,26,15,1.20403e+06,639’332,667’080,398’633,154’918,172’788,80’659.2,57’492.2,25’677.5,4’326.84,4’017.22,1’489.37,1’289.9,0,0,0,0.403387,1.54012,6.55443,2.99649,3.11597,77,-5.67191,54.6654,16,15,0.1,71,10,1’005,66,16,11,0.8,0.5,14,2.61109e+06
7.86022,7,26,16,1.21095e+06,536’115,545’105,248’209,91’577.9,57’127.3,42’947.7,16’245,5’282.7,2’823.24,1’259.58,0,0,0,0,0,0.343595,0.877052,2.39842,2.99727,3.25571,77,-5.67191,54.6654,16,15,0.1,72,10,1’006,52,16,11,0.8,0.5,14,1.89029e+06
7.86156,7,26,17,1.2603e+06,557’410,514’792,246’498,81’596.9,60’537,44’777.9,21’488.9,8’154.25,1’300.06,0,0,0,1’365.68,0,0,0.337643,0.86444,2.25318,2.99987,3.22857,77,-5.6719,54.6654,16,15,0,73,10,1’006,38,16,11,0.7,0.4,14,1.87556e+06
7.8629,7,26,18,1.00176e+06,494’329,469’160,225’359,80’437.3,51’971.6,37’125,15’144.3,1’340.19,3’791.38,0,0,0,0,0,0,0.298265,0.778453,1.88049,3.00013,3.28273,77,-5.67193,54.6654,16,15,0,74,10,1’006,24,16,11,0.7,0.4,14,1.67692e+06
7.86425,7,26,19,1.16683e+06,519’799,396’877,240’384,83’508.6,47’910.7,56’315.7,16’408.1,9’592.1,1’378.66,0,0,2’705.52,0,0,0,0.284112,0.767731,2.21898,3,3.19247,77,-5.67195,54.6654,15,15,0,75,10,1’006,32,15,11,0.7,0.4,14,1.65899e+06
7.86559,7,26,20,1.32022e+06,574’072,543’009,340’924,136’417,134’447,51’445.7,31’941.5,5’706.07,2’643.53,4’307.19,1’400.97,2’570.34,0,1’369.54,0,0.353714,1.28823,4.37986,3.00038,3.13513,78,-5.67193,54.6654,15,16,0,76,10,1’006,40,15,11,0.7,0.4,14,2.18397e+06
7.86694,7,26,21,2.42073e+06,562’036,466’959,243’609,88’262.2,109’548,48’895.4,30’342.5,11’192,1’440.24,4’286.74,0,0,1’324.31,0,0,0.380886,1.07823,3.71393,2.99718,3.12218,78,-5.67194,54.6654,15,16,0,78,10,1’006,48,15,11,0.7,0.4,14,1.94878e+06
7.86828,7,26,22,1.9688e+06,573’436,516’941,305’458,108’394,121’492,43’354.1,23’382.9,18’558.7,4’143.45,2’781.67,0,0,0,0,0,0.376888,1.19509,3.94828,3.01228,2.96266,79,-5.6719,54.6654,14,15,0,80,10,1’006,65,14,11,0.7,0.4,14,2.09483e+06
7.86962,7,26,23,2.03362e+06,607’288,523’105,344’217,123’108,194’237,66’176,40’759.8,22’522.9,4’404.1,4’385.35,0,1’398.01,0,0,0,0.388028,1.50166,5.37742,3.06667,2.96267,75,-5.67191,54.6654,14,13,0,82,10,1’006,83,14,11,0.7,0.4,14,2.31963e+06
7.87097,7,27,0,2.11621e+06,544’557,483’134,302’567,135’403,200’965,80’149,52’357,21’061.4,9’617.1,3’318.88,1’512.59,0,0,0,0,0.368036,1.49044,6.55885,2.98797,2.79149,74,-5.6719,54.6654,13,12,0,84,10,1’006,100,13,11,0.7,0.4,14,2.20268e+06
7.87231,7,27,1,1.77694e+06,517’261,439’276,293’428,147’101,211’976,82’055.3,27’692.2,9’931.6,6’690.16,3’351.24,1’554.75,0,0,0,0,0.330742,1.50088,5.23492,3.0174,2.79836,73,-5.6719,54.6654,13,13,1,87,9,1’005,100,13,11,0.7,0.4,14,2.07106e+06
7.87366,7,27,2,1.91768e+06,547’892,492’593,355’897,192’499,267’664,112’423,42’041.9,10’156.6,1’829.41,1’741.65,1’767.74,0,0,0,0,0.361808,1.83941,5.44529,3.02671,2.759,70,-5.67194,54.6654,13,14,1.9,90,8,1’004,100,13,12,0.7,0.5,14,2.38831e+06
7.875,7,27,3,2.66012e+06,567’030,440’208,281’520,185’591,259’887,139’223,43’413.8,24’046.2,1’914.8,2’115.97,0,1’888.21,0,0,0,0.383236,1.76427,5.70726,3.01459,2.76262,61,-5.67192,54.6654,13,15,2.9,94,7,1’003,100,13,12,0.7,0.5,14,2.33007e+06
7.87634,7,27,4,5.09003e+06,630’897,467’726,344’605,190’299,306’191,172’211,45’483.7,24’843.9,10’922.7,0,2’182.02,2’251.02,0,0,0,0.527133,2.11955,7.74017,3.02741,2.78069,58,-5.67192,54.6654,13,18,2.9,94,7,1’001,100,13,12,0.7,0.5,14,2.72474e+06
7.87769,7,27,5,4.08305e+06,567’934,458’589,329’064,201’937,357’536,323’145,71’258.7,25’255.7,22’836.8,2’885.01,0,0,0,0,0,0.462614,2.23122,10.685,2.974,2.698,45,-5.67194,54.6654,14,21,2.8,93,7,1’000,100,14,13,0.8,0.8,14,2.82306e+06
7.87903,7,27,6,2.79016e+06,378’268,402’647,291’350,197’549,324’346,225’889,45’064.3,15’895.2,23’905.8,2’656.96,2’529.5,0,0,0,0,0.347762,1.96989,9.57044,2.97714,2.72714,49,-5.67193,54.6654,14,23,2.8,93,7,999,100,14,13,0.8,0.8,14,2.25786e+06
7.88038,7,27,7,4.3941e+06,504’638,311’543,317’754,196’325,285’164,271’347,47’689.6,12’660.6,6’434.23,4’153.17,2’085.99,2’140.89,2’019.42,0,0,0.413981,1.92507,8.21481,3.02759,2.72603,58,-5.6719,54.6654,14,23,4.4,94,6,998,100,14,13,0.8,0.8,14,2.37794e+06
7.88172,7,27,8,2.51293e+06,298’778,286’761,220’520,124’111,198’655,147’066,22’690.8,9’636.95,1’929.34,1’943.85,0,0,0,0,0,0.27886,1.30948,4.13444,3.02188,2.72359,64,-5.67193,54.6654,14,24,6.1,94,6,996,100,14,13,0.8,1.2,14,1.59095e+06
7.88306,7,27,9,4.41646e+06,587’396,642’602,510’001,276’384,499’179,309’420,52’012.9,19’116.8,14’323.8,7’032.9,2’263.7,4’734.75,0,0,0,0.550218,3.0503,11.505,3.02863,2.78196,51,-5.6719,54.6654,14,24,7.7,95,5,995,100,14,13,0.8,1.2,14,3.47468e+06
7.88441,7,27,10,2.44267e+06,389’584,371’021,285’189,159’973,283’161,237’672,60’145.9,58’635.2,28’065,28’116.4,18’124.4,10’100.7,0,1’889.02,0,0.319815,1.73913,23.2642,3.00645,2.72887,62,-5.67192,54.6654,14,24,5.1,93,7,995,93,14,13,0.8,1.2,14,2.25149e+06
7.88575,7,27,11,2.45758e+06,787’165,912’823,656’922,388’870,714’840,485’355,138’752,86’876.2,71’125,31’038.4,17’159,5’882.46,7’267.35,0,0,0.579651,4.09168,35.3678,3.00813,2.79563,64,-5.6719,54.6654,13,24,2.6,91,8,995,86,13,12,0.6,1.2,14,4.88373e+06
7.8871,7,27,12,1.16698e+06,433’056,502’173,352’675,196’980,281’775,101’698,13’342.6,12’007,8’993.84,3’110.77,0,0,0,0,0,0.310135,1.83799,5.10654,3.02557,2.87418,79,-5.67191,54.6654,13,24,0,89,10,995,79,13,12,0.6,1.2,14,2.21595e+06
7.88844,7,27,13,445’331,75’302.2,51’558.6,49’706.2,41’250.9,46’151.8,29’583.1,22’139,13’367.4,8’805.67,971.647,1’340.75,0,0,0,0,0.0530525,0.311558,3.28237,3.027,3.15438,80,-5.67191,54.6654,13,27,0,86,10,996,79,13,11,0.6,1.2,14,393’230
7.88978,7,27,14,419’982,154’430,224’893,138’147,73’965.5,102’469,62’552,19’957,17’213.9,0,2’507.51,0,0,0,0,0,0.128003,0.694778,3.00596,3.02467,3.004,45,-5.67195,54.6654,14,30,0,83,10,997,79,14,11,0.9,1.2,14,924’137
7.89113,7,27,15,830’685,291’185,214’404,158’830,171’363,158’288,36’687.8,0,0,36’536,0,0,0,0,0,0,0.166737,1.08856,5.04198,2.85,3.08429,7,-5.6719,54.6654,14,33,0,81,10,998,80,14,11,0.9,1.2,14,1.23403e+06
7.89247,7,27,16,2.10402e+06,887’151,830’707,696’076,338’210,490’460,205’231,117’593,49’074.7,20’737.8,14’500.2,0,0,0,0,0,0.547409,3.26572,14.9748,2.97167,2.89444,18,-5.67192,54.6654,14,30,0,79,10,999,66,14,10,0.9,1.2,14,4.19715e+06
7.89382,7,27,17,1.28092e+06,486’972,428’958,319’017,110’117,254’825,76’898.4,22’047.3,33’307.8,10’960.7,10’919.2,0,0,0,0,0,0.298426,1.57153,7.58687,2.89083,2.88667,12,-5.6719,54.6654,14,27,0,76,10,1’000,53,14,10,1.4,1.1,14,2.05245e+06
7.89516,7,27,18,796’406,374’138,292’182,259’203,142’229,144’730,92’455.8,51’740.7,48’756.6,17’855.5,8’020.02,0,0,2’621.54,0,0,0.204172,1.11777,8.78488,3.00571,2.69755,49,-5.67194,54.6654,15,24,0,74,10,1’002,40,15,10,1.4,1.1,14,1.63811e+06
7.89651,7,27,19,856’866,337’416,373’473,281’381,144’777,201’338,104’337,40’611.1,28’294,8’109.09,4’021.04,0,0,0,0,0,0.232136,1.35331,6.12601,3.09742,2.72677,31,-5.6719,54.6654,14,23,0,77,10,1’003,53,14,10,1.4,1.1,14,1.75589e+06
7.94624,7,29,8,2.16821e+06,902’908,863’358,816’522,487’616,489’848,392’274,118’557,74’574.6,19’528.1,7’237.77,4’875.05,4’629.83,0,0,0,0.565114,3.61633,18.4831,2.95635,2.66788,52,-5.46512,54.9233,12,15,0,78,10,1’019,38,12,8,0.2,0.2,14,4.74704e+06
7.94758,7,29,9,1.37454e+06,658’586,644’547,644’334,269’808,373’995,253’273,85’652.8,39’919.7,21’357.3,8’244.37,4’416.12,1’957.63,0,2’199.5,0,0.407085,2.58983,14.0657,3.02655,2.7831,58,-5.39392,55.0125,12,19,0.1,77,10,1’018,90,12,8,0.5,0.4,14,3.41537e+06
7.94892,7,29,10,1.22163e+06,654’459,595’742,549’589,257’868,321’508,212’713,90’739.1,32’697.4,16’228.4,9’916.75,1’405.06,0,0,0,0,0.380009,2.29461,11.8662,3.026,2.83637,80,-5.30606,55.0959,12,17,0.1,76,10,1’018,92,12,8,0.5,0.4,14,3.12287e+06
7.95027,7,29,11,1.51288e+06,622’218,736’777,623’542,269’647,377’718,228’210,124’377,43’272,24’514.4,14’994.2,17’058.6,1’853.29,0,1’944.9,1’937.53,0.442082,2.61998,21.3915,3.00769,2.79169,65,-5.20002,55.1767,12,16,0.1,74,10,1’018,94,12,8,0.4,0.3,14,3.53015e+06
7.95161,7,29,12,1.64667e+06,684’050,839’572,708’931,307’335,451’539,213’350,65’703.4,60’935,21’031.2,9’638.67,8’187.89,3’253,1’675.97,0,3’096.29,0.497065,3.0477,16.415,3.02493,2.8004,75,-5.12608,55.2663,13,16,0,64,10,1’018,49,13,7,0.6,0.4,14,3.87536e+06
7.95296,7,29,13,1.5267e+06,795’814,775’078,696’049,271’209,364’116,143’276,74’651.2,45’172.4,8’412.74,11’466.3,7’947.33,4’225.9,1’434.39,1’336.91,0,0.483448,2.67703,13.9078,3.02588,2.994,80,-5.02819,55.3471,14,15,0,63,10,1’018,66,14,7,0.6,0.4,14,3.68364e+06
7.9543,7,29,14,1.34134e+06,648’493,734’487,579’593,199’141,280’087,161’393,71’012.1,26’484.4,18’111.2,5’669.72,2’812.69,2’831.39,2’708.02,0,1’322.65,0.436741,2.14424,10.4064,3.01026,3.04974,78,-4.93092,55.4137,14,14,0,63,10,1’018,83,14,7,0.5,0.4,14,3.17089e+06
7.95565,7,29,15,1.2251e+06,565’080,627’541,596’355,212’728,254’032,165’328,71’846.5,37’970.2,18’324.8,5’505.28,2’885.7,4’154.89,0,0,0,0.379494,2.0347,10.9141,3.02696,2.9981,79,-4.8393,55.4898,14,13,0,63,10,1’018,100,14,7,0.5,0.4,14,2.94125e+06
7.95699,7,29,16,871’785,455’530,460’039,358’557,177’361,193’867,89’760.5,54’634.6,20’469.1,12’852.7,5’750.41,1’553.57,0,0,0,0,0.282787,1.49316,7.49112,3.01179,2.98974,78,-4.71779,55.5494,14,12,0,66,10,1’018,97,14,7,0.5,0.4,14,2.11316e+06
7.95833,7,29,17,857’506,452’137,474’796,447’402,184’856,282’489,98’572.3,43’678.2,31’725.6,16’118.3,10’174,2’892.49,2’934.81,0,0,1’533.33,0.286399,1.87337,9.95579,3.01291,2.90266,79,-4.67705,55.5462,13,11,0,69,10,1’018,94,13,8,0.2,0.2,14,2.33571e+06
7.95968,7,29,18,1.02949e+06,563’707,478’307,455’913,170’220,189’331,116’209,70’020.8,28’518.6,23’325.5,15’968.6,6’452.3,2’741.53,2’768.82,1’437.84,1’212.38,0.313144,1.57578,13.4835,3.01272,3.14074,81,-4.67704,55.5462,13,10,0,73,10,1’018,91,13,8,0.2,0.2,14,2.43928e+06
7.96102,7,29,19,1.67381e+06,673’216,620’627,487’179,207’919,284’333,107’837,58’504.5,37’383.6,11’510.6,7’189.69,1’436.39,2’827.58,0,0,0,0.415986,2.07692,9.23412,3.01538,3.02103,78,-4.67699,55.5462,13,14,0,77,10,1’018,94,13,9,0.2,0.2,14,2.91595e+06
7.96237,7,29,20,799’415,443’666,445’357,342’072,127’853,177’779,92’824,39’567.1,23’571.9,7’174.34,5’572.85,1’315.37,0,0,0,1’370.71,0.272024,1.33702,6.4807,3.02692,3.00077,78,-4.67705,55.5462,13,17,0,80,10,1’018,97,13,9,0.5,0.2,14,1.98015e+06
7.96371,7,29,21,879’051,390’011,401’922,291’870,158’283,149’578,92’010.6,37’395.7,12’131.7,10’714.2,6’351.54,4’517.2,0,0,0,0,0.251833,1.2325,7.50301,3.05147,2.93267,75,-4.67704,55.5462,13,21,0,84,10,1’018,100,13,10,0.5,0.2,14,1.80662e+06
8.01478,7,31,11,1.10615e+06,291’183,241’372,157’951,53’565.6,56’355.3,59’932.4,21’034.1,8’239.4,6’357.87,4’254.25,0,0,0,0,2’204.2,0.189162,0.586701,3.45109,2.96755,3.3051,49,-4.9313,55.5383,18,8,0,76,10,1’007,23,18,14,0.9,0.6,14,1.09161e+06
8.01613,7,31,12,1.58559e+06,406’689,399’164,316’971,149’586,206’761,109’858,56’174.1,34’502.3,19’809.3,6’858.51,3’824.2,2’502.75,0,0,0,0.289437,1.4655,10.1246,3.00421,3.32974,76,-5.08739,55.541,19,9,0,73,10,1’006,18,19,14,1.1,0.6,14,2.00214e+06
8.01747,7,31,13,1.80524e+06,375’150,341’051,209’148,78’012,119’660,84’155,28’953.3,15’565.6,12’994.9,7’873.82,2’612.14,1’276.94,1’280.72,0,0,0.274656,0.961557,6.94273,3.00013,3.34286,77,-5.11561,55.537,19,15,0,73,10,1’006,28,19,14,1.1,0.6,14,1.55239e+06
8.01882,7,31,14,2.31025e+06,582’752,507’562,433’124,199’743,226’461,149’963,71’988.9,31’157.9,21’974.8,5’331.32,4’124.07,1’410.1,1’524.3,0,0,0.393196,1.80611,11.0328,3,3.22156,77,-5.11552,55.537,18,21,0,74,10,1’006,37,18,14,1.2,0.8,14,2.63031e+06
8.02016,7,31,15,2.08559e+06,562’076,478’599,426’218,152’088,221’082,100’686,54’550.5,37’347.1,16’274.3,15’503.7,4’068.26,1’337.44,2’882.46,1’371.3,0,0.367245,1.68182,11.8235,2.99701,3.12455,77,-5.11569,55.5371,18,27,0,74,10,1’006,47,18,14,1.2,0.8,14,2.44133e+06
8.02151,7,31,16,2.22446e+06,600’073,639’007,507’897,236’104,298’336,133’254,74’649.9,18’629.1,10’774.1,1’410.88,4’868.9,1’606.84,0,0,1’464.46,0.439441,2.20823,9.13605,3.00125,2.97139,72,-5.1154,55.537,17,25,0,80,10,1’006,65,17,14,1.2,0.8,14,2.96752e+06
8.02285,7,31,17,1.88049e+06,636’415,528’813,478’900,213’042,271’936,124’496,50’733.8,30’830.4,19’689.4,7’222.43,3’881.73,0,0,1’307.87,1’356.46,0.386381,2.00776,10.5745,3.00316,3.20868,76,-5.11555,55.537,17,22,0,86,10,1’006,82,17,14,0.8,0.5,14,2.75501e+06
8.02419,7,31,18,1.99973e+06,745’675,730’785,660’093,348’653,391’319,151’288,71’610.2,26’737.6,13’534.7,3’699.5,0,1’894.27,0,0,0,0.483901,2.86066,9.13765,2.99692,2.81523,65,-5.11601,55.5369,16,20,0,92,10,1’006,100,16,15,0.8,0.5,14,3.62919e+06
8.02554,7,31,19,2.42735e+06,636’751,693’038,637’041,397’259,480’170,372’524,108’355,64’920.5,43’870.1,15’319.9,7’795.21,0,2’061.1,0,0,0.475233,3.20768,22.3656,2.99641,2.74313,64,-5.11607,55.5368,16,19,0.1,94,10,1’006,100,16,15,0.8,0.5,14,3.93434e+06
8.02688,7,31,20,5.64914e+06,865’956,707’334,581’102,366’318,549’570,435’779,78’722.7,47’622,21’852.2,2’852.31,0,1’264.24,1’307.56,0,0,0.679381,3.54659,14.1064,3.01582,3.03076,79,-5.11524,55.5368,16,18,0.2,95,10,1’007,100,16,15,0.7,0.5,14,4.33906e+06
8.02823,7,31,21,1.11505e+07,1.65358e+06,939’791,707’185,415’816,619’131,719’208,129’750,63’012,41’122.1,9’107.49,6’809.74,1’238.62,0,1’329.93,0,1.16322,4.4404,25.0988,3.0125,3.1865,80,-5.11531,55.5368,15,17,0.3,97,10,1’007,100,15,15,0.7,0.5,14,6.4703e+06
8.02957,7,31,22,1.49199e+07,2.01354e+06,1.1292e+06,806’117,431’754,719’580,814’690,179’154,74’668.2,48’275.6,17’105.4,10’851.7,0,1’209.7,0,0,1.47918,5.19432,32.1929,3.06861,3.18405,79,-5.11561,55.5366,15,17,0.2,95,10,1’007,85,15,15,0.7,0.5,14,7.72534e+06
8.07661,8,2,9,2.14725e+06,493’736,500’749,533’038,315’246,552’098,402’689,98’146.3,69’240.1,39’658.2,29’680,0,0,0,0,0,0.367841,3.12699,21.9783,2.80929,2.39786,14,-5.56452,55.3036,13,15,0.2,86,10,1’013,53,13,10,0.6,0.4,13,3.40212e+06
8.07796,8,2,10,689’780,190’323,357’094,309’513,190’323,190’418,261’647,47’580.8,47’485.9,0,0,0,0,0,0,0,0.192551,1.37278,6.96819,2.79667,3.08667,6,-5.68816,55.2799,13,15,0.4,87,10,1’013,64,13,10,0.6,0.4,13,1.78694e+06
8.0793,8,2,11,668’467,601’620,200’540,200’540,133’693,200’540,200’540,0,0,0,0,0,0,0,0,0,0.196309,1.23322,2.9698,2.98,3.38,2,-5.84402,55.3043,12,15,0.7,87,9,1’013,76,12,10,0.4,0.2,13,1.73378e+06
8.08065,8,2,12,1.39869e+06,684’152,742’782,800’215,370’653,452’231,292’142,132’725,51’609.9,10’699.7,2’557.94,2’769.42,2’726.48,0,0,0,0.448318,3.1746,13.7827,3.02468,2.66957,47,-5.84639,55.4331,12,14,0.9,88,9,1’013,87,12,10,0.4,0.2,13,3.99358e+06
8.08199,8,2,13,1.13578e+06,582’805,600’253,625’941,354’753,496’566,322’887,74’378.2,42’347.2,18’487.2,4’415.24,4’772.75,0,0,0,0,0.367453,3.07683,14.1064,3.00582,2.76018,55,-5.81232,55.5339,13,15,0.7,80,9,1’013,78,13,10,0.4,0.2,13,3.49506e+06
8.08333,8,2,14,968’589,502’006,633’637,550’401,292’306,394’680,213’627,57’156,50’210.8,13’025.5,3’154.21,4’683.89,1’544.06,1’487.06,0,0,0.358629,2.57088,11.8141,3.0088,2.8248,75,-5.75328,55.6155,13,20,0.2,73,10,1’013,41,13,8,0.5,0.5,13,3.07655e+06
8.08468,8,2,15,905’363,436’949,581’906,544’694,255’215,389’955,205’175,81’323.9,42’162.2,11’765.8,4’298.22,5’756.02,0,0,0,0,0.326494,2.45918,12.3001,3.02688,2.97857,77,-5.73345,55.6752,13,21,0,71,10,1’014,19,13,8,0.5,0.5,13,2.88569e+06
8.08602,8,2,16,765’802,422’221,492’976,449’396,232’931,286’269,158’079,52’751.9,24’336.3,15’277.1,8’943.31,1’497.54,0,0,0,0,0.284068,1.96209,9.55221,3.0284,2.94493,75,-5.73346,55.6752,13,20,0,71,10,1’013,39,13,8,0.5,0.5,13,2.42875e+06
8.08737,8,2,17,839’756,484’421,587’012,485’416,251’049,297’405,138’701,58’881,23’007.9,13’042,4’367.61,1’466.42,0,0,0,0,0.332551,2.10533,8.45629,3.01234,3.0061,77,-5.73348,55.6752,13,20,0.1,72,10,1’013,59,13,8,0.5,0.5,13,2.67732e+06
8.08871,8,2,18,897’392,539’318,589’676,484’180,206’037,244’331,108’529,51’624.2,21’427.8,5’633.63,2’884.6,0,0,0,1’305.03,0,0.344303,1.86732,6.12329,3.01228,2.98316,79,-5.73348,55.6752,13,19,0.1,72,10,1’013,79,13,8,0.5,0.5,13,2.59925e+06
8.09005,8,2,19,787’755,441’085,480’691,387’336,166’998,179’037,86’461.2,42’565.5,16’168.9,3’612.62,1’749.75,0,0,0,0,0,0.283906,1.45176,4.63577,2.99299,2.86791,67,-5.73348,55.6752,12,20,0.1,74,10,1’013,82,12,8,0.5,0.5,13,2.08961e+06
8.0914,8,2,20,986’029,617’895,699’934,581’583,247’899,343’771,175’619,46’099.5,30’985.9,12’968,4’345.03,1’437.12,0,0,0,0,0.40108,2.3982,9.13783,3.01385,2.96923,78,-5.73346,55.6752,12,21,0.1,77,10,1’014,84,12,8,0.6,0.5,13,3.16362e+06
8.09274,8,2,21,1.00278e+06,563’525,657’405,576’667,266’544,323’954,136’600,54’469.3,36’331.2,18’655.6,1’668.15,4’702.75,0,0,0,0,0.378155,2.33469,10.456,3.01149,2.87986,74,-5.73349,55.6752,12,23,0.1,79,10,1’014,87,12,8,0.6,0.5,13,3.01868e+06
8.09409,8,2,22,916’458,397’227,491’275,426’596,183’596,237’885,169’803,70’901.9,22’341.8,0,6’712.55,0,0,0,0,0,0.287837,1.70904,7.17542,3.10919,2.81081,37,-5.73346,55.6752,12,20,0.2,79,10,1’014,88,12,8,0.6,0.5,13,2.29418e+06
8.11022,8,3,10,887’048,368’455,429’521,361’635,204’272,289’914,196’006,42’345.3,17’333.2,19’599.6,4’439.38,4’253.37,2’123.08,0,0,0,0.258861,1.83365,9.77098,2.97226,2.81094,53,-5.74682,55.8464,13,20,0.2,75,10,1’015,92,13,9,0.6,0.5,13,2.19876e+06
8.11156,8,3,11,791’106,318’306,367’025,322’565,208’805,285’275,155’300,52’989.1,20’317.5,20’011.8,5’689.58,2’916.38,1’539.2,0,0,0,0.223673,1.75883,9.50066,3.019,2.87688,80,-5.77039,55.9436,13,15,0,69,10,1’015,54,13,8,0.5,0.2,13,1.98441e+06
8.1129,8,3,12,648’887,383’347,458’171,375’345,232’041,307’465,193’834,93’819.6,52’026.3,5’768.06,11’018.5,0,0,0,0,0,0.258947,1.94789,10.9834,3.02405,2.91976,42,-5.71068,56.0489,14,15,0,67,10,1’015,41,14,8,0.5,0.2,13,2.37178e+06
8.11425,8,3,13,1.09781e+06,550’586,752’678,580’513,379’473,526’448,249’037,21’574.6,43’578.9,0,0,11’127.7,21’742.8,10’869.9,0,0,0.41576,3.22801,12.1982,2.96,2.88333,12,-5.66249,56.1889,13,16,0.3,68,9,1’015,72,13,8,0.5,0.2,13,3.56339e+06
8.11559,8,3,14,725’796,422’684,523’479,454’853,261’471,363’694,230’065,58’804.2,45’792.5,12’743.5,16’853.5,4’100.16,0,0,0,0,0.293506,2.2783,13.9716,3.01509,2.79123,57,-5.65262,56.3138,13,16,0.3,70,10,1’015,69,13,8,0.8,0.4,13,2.68805e+06
8.11694,8,3,15,946’649,591’661,631’058,631’042,323’377,466’555,213’676,106’557,47’219.6,15’676.8,20’541.9,8’521.6,5’245.77,0,0,0,0.370099,2.93428,18.3364,3.02829,2.79957,70,-5.52865,56.3873,14,18,0.4,74,9,1’015,81,14,9,0.7,0.3,13,3.43123e+06
8.11828,8,3,16,1.19901e+06,755’870,881’177,812’582,414’625,549’332,362’138,113’755,39’925.9,41’645.6,10’251.8,4’562.42,0,1’477.32,0,0,0.500178,3.62878,19.1532,3.02892,2.975,74,-5.49724,56.4188,13,18,0.4,77,9,1’014,73,13,10,0.7,0.3,13,4.48752e+06
8.11962,8,3,17,1.08494e+06,664’192,736’871,727’199,408’116,486’877,259’266,108’106,71’271.4,44’019.3,13’038.1,11’437.6,3’483.3,0,1’878.33,0,0.426462,3.27024,22.6908,3.02889,2.91016,63,-5.49726,56.4188,13,19,0.3,81,10,1’014,64,13,10,0.4,0.2,13,3.96222e+06
8.12097,8,3,18,946’539,450’870,606’628,520’866,290’737,395’205,217’994,58’075.1,33’988,6’063.9,11’567.7,0,2’727.74,0,0,0,0.340245,2.52827,10.2526,3.06525,2.9205,40,-5.4972,56.4188,13,19,0.3,85,10,1’014,56,13,10,0.4,0.2,13,2.93497e+06
8.27285,8,8,11,1.54503e+06,724’569,809’361,709’274,315’845,495’079,237’739,78’987.2,31’971.8,12’181.5,1’428.74,0,0,0,0,0,0.486331,3.19537,10.0513,2.986,2.81675,80,-5.5587,56.2107,17,5,0,67,10,1’025,8,17,11,0.1,0.1,14,3.90277e+06
8.27419,8,8,12,1.57376e+06,725’220,811’372,665’187,332’451,505’554,269’226,65’102.7,28’659,18’116.3,3’656.49,0,0,0,0,0,0.488695,3.22373,10.9185,3.01279,2.74471,68,-5.55867,56.2107,18,6,0,61,10,1’025,7,18,10,0.1,0.1,14,3.91324e+06
8.27554,8,8,13,959’822,416’082,498’945,458’177,219’337,234’484,96’746.9,45’473.1,18’830.4,8’716.98,1’432.28,0,0,0,0,0,0.296135,1.78598,5.69693,3.01385,2.99782,78,-5.55867,56.2107,18,6,0,61,10,1’025,7,18,10,0.1,0.1,14,2.29436e+06
8.27688,8,8,14,844’098,452’125,459’133,427’550,145’131,153’013,42’520.4,14’214.1,1’536.54,3’904.82,0,0,0,0,0,0,0.280754,1.35915,2.50808,3.01218,3.24051,78,-5.55868,56.2107,18,6,0,60,10,1’025,7,18,10,0.2,0.1,14,1.97988e+06
8.27823,8,8,15,903’323,479’985,562’338,409’491,170’245,256’448,69’653.8,30’294.3,18’210.8,4’753.28,1’427.42,0,0,0,0,0,0.32547,1.77203,4.68154,3.00273,3.0761,77,-5.55868,56.2107,18,6,0,60,10,1’025,7,18,11,0.2,0.1,14,2.32832e+06
8.27957,8,8,16,753’270,380’351,431’431,331’896,118’545,106’580,32’670.1,15’408.6,6’861.44,1’488.92,1’308.99,0,0,0,0,0,0.254032,1.06089,2.42702,2.9974,3.20688,77,-5.55868,56.2107,18,6,0,63,10,1’025,8,18,10,0.2,0.1,14,1.68057e+06
8.28091,8,8,17,490’355,320’317,316’039,197’998,74’565.9,63’668.9,32’289.3,10’087.3,1’315.84,1’251.92,0,0,0,0,0,0,0.189856,0.676844,1.37108,3.00289,3.43842,76,-5.55869,56.2107,17,6,0,66,10,1’025,8,17,10,0.2,0.1,14,1.20739e+06
8.28226,8,8,18,676’840,350’189,373’603,306’473,106’840,80’437.3,40’441,15’702.2,3’866.22,3’892.91,0,0,0,0,0,0,0.224897,0.905561,2.1806,3.00303,3.38421,76,-5.5587,56.2107,16,5,0,70,10,1’024,9,16,10,0.2,0.1,14,1.50634e+06
8.2836,8,8,19,466’226,247’611,245’098,148’113,49’900.7,50’183.9,12’480.1,11’163,2’562.31,0,2’461.56,1’220.49,0,0,0,0,0.152011,0.515377,1.95304,3.00303,3.50961,76,-5.55871,56.2107,15,7,0,73,10,1’024,9,15,10,0.2,0.1,14,922’805
8.28495,8,8,20,535’487,238’242,246’602,161’605,52’175.6,57’680.4,10’602.5,5’209.23,0,1’251.76,0,0,0,0,0,0,0.153867,0.557053,0.890785,3.00329,3.385,76,-5.55872,56.2107,13,9,0,77,10,1’025,10,13,9,0.3,0.1,14,927’235
8.28629,8,8,21,495’841,174’752,170’081,172’377,87’737.9,59’712.2,18’298.4,5’267.64,2’577.34,0,0,0,0,0,0,0,0.114918,0.590108,0.989922,3.00773,3.438,75,-5.55872,56.2107,12,12,0,81,10,1’025,11,12,9,0.3,0.1,14,805’722
8.28763,8,8,22,579’576,221’039,202’195,180’570,70’173.3,91’054.9,53’650.7,17’668.5,17’770.8,1’281.49,0,0,0,0,0,0,0.137017,0.695193,2.53207,2.99831,3.44506,77,-5.55868,56.2107,12,12,0,83,10,1’025,9,12,9,0.3,0.1,14,992’421
8.28898,8,8,23,896’629,214’498,255’180,233’467,113’690,171’115,129’134,57’302,48’392.3,34’897.9,0,0,0,0,0,0,0.171451,1.10664,9.29418,3.1104,3.0948,25,-5.5587,56.2107,12,13,0,85,10,1’025,7,12,9,0.4,0.1,14,1.42913e+06
8.30914,8,9,14,517’803,246’340,212’940,165’965,54’880.6,73’986.7,24’802.9,16’439.6,10’488.5,4’201.96,0,2’083.97,4’130.39,2’071.42,0,0,0.142921,0.606491,2.90301,2.96755,3.27633,49,-5.7908,56.153,18,16,0,66,10,1’022,69,18,12,0.4,0.2,14,961’252
8.31048,8,9,15,659’115,270’177,292’539,226’673,92’735.2,101’582,52’637,26’073.5,12’882,3’987.22,4’131.87,2’615.96,0,0,0,0,0.182341,0.847078,4.72097,3.00421,3.35816,76,-5.82705,56.2379,18,15,0,67,10,1’022,85,18,12,0.4,0.2,14,1.26838e+06
8.31183,8,9,16,830’650,297’033,314’551,228’316,84’355.8,109’737,53’028.4,19’456.4,6’342.94,3’968.47,0,0,1’269.39,0,0,0,0.202769,0.882821,2.47691,3.00026,3.41091,77,-5.82705,56.2379,18,15,0,69,10,1’021,76,18,12,0.4,0.2,14,1.32083e+06
8.31317,8,9,17,792’179,259’790,275’157,252’981,105’747,134’138,67’047,32’705.9,19’881.3,2’609.95,3’923.81,0,1’334.67,0,0,0,0.180686,0.995019,4.3007,3.00325,3.31182,77,-5.73631,56.3241,18,14,0,72,10,1’021,67,18,12,0.3,0.1,14,1.336e+06
8.31452,8,9,18,686’119,261’541,238’571,133’919,64’921.4,92’159.5,42’456.6,13’800.9,12’190.5,1’311.67,0,1’343.86,0,0,0,0,0.162475,0.677367,2.58043,3.00342,3.20513,76,-5.72614,56.3983,18,6,0,73,10,1’021,64,18,13,0.1,0.1,13,1.02469e+06
8.31586,8,9,19,684’006,211’025,188’672,171’998,73’810,72’073.2,28’497.9,8’044.11,6’599.37,1’407.1,0,0,0,0,0,0,0.136047,0.629824,1.51201,2.99662,3.2313,77,-5.7394,56.4095,17,9,0,76,10,1’021,65,17,13,0.1,0.1,13,898’175
8.3172,8,9,20,622’845,250’338,265’675,190’195,85’438.4,109’770,36’860.6,21’440,6’545.1,3’860,3’913.56,0,0,0,0,0,0.167488,0.81921,3.09623,3.03974,3.30868,76,-5.7394,56.4095,16,12,0,79,10,1’021,67,16,13,0.3,0.1,13,1.14152e+06
8.33737,8,10,11,653’623,308’316,311’673,230’255,100’337,93’604.5,33’016.1,17’278.8,2’131.37,2’143.55,2’287.33,0,0,0,0,2’149.7,0.195244,0.848033,2.29381,2.962,3.36022,45,-5.6616,56.4707,17,3,0,68,10,1’020,31,17,11,0.1,0.5,13,1.29844e+06
8.33871,8,10,12,797’509,292’509,297’001,292’228,106’736,125’416,44’510.8,16’729.1,9’657.09,0,3’726.88,0,0,1’564.89,0,0,0.194578,1.01272,2.9787,3.01368,3.09184,76,-5.78454,56.5155,17,2,0,66,10,1’020,27,17,11,0.1,0.5,13,1.38466e+06
8.34005,8,10,13,788’944,307’101,305’652,261’286,128’840,134’049,60’304.9,14’265.6,7’134.78,1’405.52,0,0,0,0,0,0,0.199333,1.05658,2.37983,3.00051,3.06244,78,-5.9286,56.5558,21,3,0,57,10,1’020,32,22,12,0.2,0.1,14,1.41937e+06
8.3414,8,10,14,861’534,298’459,336’396,256’242,114’873,150’991,45’462.7,23’418,10’879.9,5’439.3,0,0,0,0,0,0,0.213288,1.10048,3.07939,3.01244,3.19372,78,-6.03189,56.6212,21,4,0,58,10,1’020,33,23,12,0.3,0.1,14,1.45545e+06
8.34274,8,10,15,857’329,262’226,243’553,221’967,86’083.4,94’525,39’641.1,15’105.1,1’392.49,2’581.3,1’414.95,1’282.56,0,0,0,0,0.172866,0.800301,2.57767,2.99974,3.23461,76,-6.06554,56.62,21,4,0,58,10,1’020,35,24,13,0.3,0.1,14,1.14264e+06
8.34409,8,10,16,832’630,288’227,329’486,230’570,125’831,114’466,76’762.9,39’494.6,23’349.1,10’713.4,3’148.9,0,0,0,0,0,0.207374,0.970522,5.33052,3.00013,2.94026,77,-6.06554,56.62,20,6,0,65,10,1’020,43,22,13,0.3,0.1,14,1.44942e+06
8.34543,8,10,17,760’619,232’363,198’449,161’898,73’025.5,58’325.5,27’189.5,14’919.7,5’968.12,11’729.3,2’719.52,1’305.63,0,0,0,0,0.146834,0.585382,3.64656,2.99934,3.12474,76,-6.06557,56.62,18,8,0,72,10,1’020,50,19,13,0.3,0.1,14,934’726
8.34677,8,10,18,642’849,199’062,208’409,155’545,62’843.2,74’688.9,18’087,11’817.1,1’272.69,1’279.92,0,0,0,0,0,0,0.139362,0.610859,1.22115,2.99946,3.52446,74,-6.06556,56.62,17,10,0,78,10,1’020,58,17,13,0.3,0.1,14,872’367
8.34812,8,10,19,1.12884e+06,351’515,290’463,161’815,59’737.1,81’788,37’543,21’390.7,14’406,3’836.53,1’273.76,1’273.76,0,0,0,0,0.216808,0.712957,3.32766,3.00289,3.39237,76,-6.06556,56.62,16,13,0,81,10,1’020,55,16,12,0.3,0.1,14,1.24185e+06
8.34946,8,10,20,775’906,259’886,242’600,200’368,89’073.8,79’586.4,33’800.4,13’534.8,2’674.78,5’291.11,0,1’306.39,0,0,0,0,0.168631,0.733103,2.48211,3.00338,3.24442,77,-6.06554,56.62,15,15,0,83,10,1’020,51,15,12,0.4,0.2,14,1.09675e+06
8.35081,8,10,21,1.31844e+06,287’020,283’428,221’425,82’875.1,107’672,31’990.3,19’270.9,3’798.72,2’613.32,2’715.95,1’351.53,1’343.13,0,0,2’759.43,0.215423,0.88034,3.08813,3.00286,3.31623,77,-6.06554,56.62,14,18,0,85,10,1’020,47,14,12,0.4,0.2,14,1.26369e+06
8.35215,8,10,22,1.18894e+06,261’070,227’055,208’387,68’596.7,108’822,46’464.1,20’578.6,2’986.59,1’325.76,1’364,0,1’321.64,0,0,0,0.183234,0.81933,2.23001,3.01256,3.11705,78,-6.06556,56.62,14,15,0,84,10,1’020,48,14,12,0.4,0.2,14,1.13121e+06
8.35349,8,10,23,1.53448e+06,306’329,277’119,248’413,79’895.4,155’892,43’127.1,28’691.7,6’252.54,3’265.83,0,1’787.14,0,0,0,0,0.226123,1.0679,3.39208,3.05384,2.9226,73,-6.0656,56.6199,15,13,0,83,10,1’020,49,15,12,0.3,0.1,14,1.3769e+06
8.40188,8,12,11,4.02866e+06,652’071,555’267,434’772,170’604,259’371,94’652.9,29’824,10’528.8,13’563.8,1’546.83,0,0,0,0,0,0.508266,1.98615,5.63749,2.97727,2.89519,77,-6.17869,56.6789,21,7,0,73,10,1’017,73,23,16,0.3,0.2,14,2.73047e+06
8.40323,8,12,12,4.88408e+06,721’265,520’200,445’999,193’895,246’207,95’510.2,25’707.4,16’299.9,2’957.71,2’873.79,1’525.73,0,0,0,1’509.56,0.548829,2.02931,5.6612,3.00103,2.98385,78,-6.26233,56.7308,22,8,0,71,10,1’017,81,25,16,0.3,0.2,14,2.82278e+06
8.40457,8,12,13,5.72642e+06,723’413,640’550,502’132,216’503,259’703,145’889,52’987.8,19’242.1,5’933.1,3’185.27,0,1’437.51,0,0,0,0.637013,2.24237,6.84008,3.01147,2.9664,75,-6.21529,56.8172,22,8,0,72,10,1’017,71,24,16,0.3,0.2,14,3.20799e+06
8.40591,8,12,14,1.0555e+07,701’071,817’916,350’536,194’742,311’587,233’690,38’948.4,0,0,0,0,0,0,0,0,0.943525,2.56183,5.45375,2.5675,3.375,4,-6.22375,56.8283,21,9,0,73,10,1’016,61,24,16,0.6,0.3,14,3.59202e+06
8.40726,8,12,15,1.10344e+07,1.42991e+06,910’150,708’115,436’495,475’223,231’725,69’006.2,37’800.4,12’576.8,2’789.57,1’288.56,0,0,0,0,1.11283,3.9464,11.6052,3.0059,3.03192,78,-6.22397,56.8282,21,9,0,74,10,1’016,51,24,17,0.6,0.3,14,5.42791e+06
8.4086,8,12,16,7.44713e+06,1.20206e+06,740’998,597’900,291’122,331’593,189’023,53’557.8,30’633.2,12’590.9,8’151.36,4’064.2,1’279.66,1’379.7,0,1’416.61,0.832984,2.87226,11.6014,3.02679,3.09449,78,-6.22415,56.8284,20,11,0,77,10,1’016,38,23,16,0.6,0.3,14,4.29876e+06
8.40995,8,12,17,6.2003e+06,1.14077e+06,561’673,500’007,286’179,334’931,150’291,51’041.3,13’611.1,7’788.86,5’070.67,0,2’486.51,0,0,0,0.694326,2.65757,7.54221,3.07658,3.31711,38,-6.22421,56.8284,20,13,0,79,10,1’016,25,21,16,0.3,0.2,14,3.74818e+06
8.43414,8,13,11,4.14923e+06,458’702,231’693,244’097,89’907.7,122’402,74’188.9,0,21’429.4,0,0,7’216.99,0,0,0,0,0.366084,1.10867,5.5247,2.81059,2.80118,17,-6.47185,57.0001,17,21,0,88,10,1’018,22,17,15,0.4,0.2,14,1.61572e+06
8.43548,8,13,12,8.24841e+06,1.00023e+06,538’772,285’210,120’189,168’177,106’462,27’417.7,13’538.3,10’804.7,1’789.14,1’387.09,0,0,0,0,0.769989,1.74494,5.8914,3.02254,3.13522,67,-6.47185,57.0001,17,22,0,87,10,1’018,19,17,15,0.4,0.2,14,3.04397e+06
8.43683,8,13,13,6.09282e+06,625’059,373’994,229’991,76’556.7,99’641.4,60’400.3,18’528.6,21’196.2,2’472.2,2’783.27,0,0,0,2’783.27,0,0.541972,1.17792,3.92879,2.97425,3.2445,40,-6.47185,57.0001,17,22,0,86,10,1’018,19,17,15,0.4,0.2,14,2.05538e+06
8.43817,8,13,14,5.77386e+06,806’364,458’422,315’387,136’667,176’942,63’505.8,35’052.1,18’102.7,3’699.41,1’330.47,1’441.71,0,1’422.68,0,0,0.58473,1.64046,5.02404,3.01273,3.17857,77,-6.47185,57.0001,17,21,0,85,10,1’018,18,17,15,0.5,0.2,14,2.60307e+06
8.43952,8,13,15,3.72894e+06,562’154,372’069,260’064,98’836.4,121’982,64’091.5,14’910,10’511.8,6’724.04,1’291.22,1’421.61,0,0,0,0,0.411708,1.18109,4.04152,3.01487,3.40842,76,-6.47185,57.0001,18,21,0,84,10,1’018,17,18,15,0.5,0.2,14,1.92576e+06
8.44086,8,13,16,4.08529e+06,519’532,311’223,225’114,87’825.6,104’225,26’080.4,9’202.39,12’772.4,2’628.74,0,1’299.89,0,0,0,0,0.400875,1.0655,2.86459,2.9992,3.43253,75,-6.47185,57.0001,17,20,0,85,10,1’018,17,17,15,0.5,0.2,14,1.70078e+06
8.4422,8,13,17,4.30801e+06,553’344,335’176,244’433,89’720.5,105’973,63’079.1,15’111.6,10’155.2,0,0,0,0,0,0,0,0.42624,1.11495,2.48555,3.00632,3.52737,76,-6.47185,57.0001,17,20,0,86,10,1’018,17,17,15,0.5,0.2,14,1.84323e+06
8.44355,8,13,18,5.09759e+06,683’209,389’559,283’944,119’052,139’296,60’607.9,20’101.4,16’656.4,4’014.87,0,0,0,0,0,0,0.505288,1.38377,3.5548,3.04307,3.3324,75,-6.47185,57.0001,17,19,0,87,10,1’018,16,17,15,0.5,0.2,14,2.22173e+06
8.46505,8,14,10,1.24255e+07,1.5907e+06,649’084,374’757,173’137,212’517,168’214,91’499.5,23’648.4,25’379.5,4’037,0,3’648.83,0,0,0,1.11108,2.3908,10.3552,2.928,2.944,30,-6.78749,57.1023,14,15,0,90,10,1’019,37,14,12,0.7,0.7,15,4.42771e+06
8.4664,8,14,11,9.85466e+06,1.43566e+06,626’031,290’081,171’148,204’170,187’999,74’880.4,67’113.8,25’955.7,11’082.1,1’337.22,1’511.01,0,0,0,0.949401,2.12935,13.943,3.0243,2.9938,79,-6.98103,57.1182,14,16,0,90,10,1’019,40,14,12,0.7,0.6,15,4.04637e+06
8.46774,8,14,12,9.4449e+06,1.18158e+06,614’771,367’064,147’113,254’972,238’163,80’377,20’911.7,11’286.5,5’721.49,3’811.32,0,0,0,0,0.885152,2.25672,10.8399,3.02778,2.81413,63,-7.18985,57.1378,14,18,0,91,10,1’019,42,14,12,0.7,0.6,15,3.81092e+06
8.46909,8,14,13,9.17157e+06,1.18954e+06,564’053,375’331,137’760,218’387,156’353,44’891.9,27’192,0,3’360.4,6’708.68,0,0,0,0,0.854363,2.09508,8.98818,2.995,2.77333,36,-7.29768,57.1492,14,17,0,90,10,1’018,33,14,12,0.7,0.6,15,3.57794e+06
8.47043,8,14,14,5.08838e+06,578’369,282’050,118’657,103’684,59’182.3,29’532.4,29’590.4,14’737.2,0,0,14’795.2,0,0,0,0,0.450068,0.905062,8.16393,2.95667,2.91444,9,-7.29763,57.1492,14,16,0,89,10,1’018,25,14,12,0.7,0.6,15,1.68067e+06
8.47177,8,14,15,5.27018e+06,602’329,311’192,196’679,72’803.9,94’745.5,74’447.2,28’886.1,21’611.6,13’875.9,6’702.84,3’380.86,0,3’171.92,0,0,0.473743,1.05919,7.38836,2.99955,2.88394,66,-7.29766,57.1492,14,16,0,88,10,1’018,16,14,12,0.7,0.6,15,1.90357e+06
8.47312,8,14,16,4.02233e+06,589’792,325’667,189’876,87’942.2,96’301.6,111’757,46’118.7,41’995.6,32’939.9,19’230.9,8’555.9,3’708.24,2’568.67,2’587.89,1’417.03,0.413822,1.02424,15.4094,3.0281,3.29241,79,-7.29763,57.1492,14,19,0,88,10,1’018,15,14,12,0.7,0.6,15,1.97428e+06
8.47446,8,14,17,4.64386e+06,548’027,214’593,121’734,48’739,45’924.9,34’285.4,10’715.2,8’005.09,2’858.15,1’342.56,1’329.81,0,0,0,0,0.397642,0.72449,2.70392,3.01228,3.18747,79,-7.29766,57.1492,14,22,0,88,10,1’018,13,14,12,0.8,0.6,15,1.4352e+06
8.47581,8,14,18,2.72577e+06,393’283,183’777,108’511,46’952.2,32’172.6,23’607.4,13’226.1,5’507.66,2’570,0,1’328.31,0,0,0,0,0.266194,0.533684,2.0597,2.99744,3.32231,78,-7.29766,57.1492,15,25,0,88,10,1’018,12,15,13,0.8,0.6,15,1.07713e+06
8.47715,8,14,19,2.09213e+06,283’533,170’245,96’169.1,39’769.6,34’719.8,16’112,5’390.41,1’190.47,2’522.22,1’217.22,0,0,0,0,0,0.211524,0.467164,1.27794,2.99701,3.50182,77,-7.29765,57.1492,14,25,0,87,10,1’018,8,14,12,0.8,0.6,15,862’393
8.47849,8,14,20,1.90272e+06,252’911,157’235,79’497.6,33’623.9,30’616.7,11’320.7,9’011.49,0,0,0,0,0,0,0,0,0.192806,0.411238,0.711539,3.00338,3.37377,77,-7.29764,57.1492,14,25,0,87,10,1’019,4,14,12,0.8,0.7,15,767’021
8.47984,8,14,21,2.15205e+06,277’977,139’637,76’927.4,26’968.5,43’994.8,26’338.3,9’657.22,5’382.69,0,0,0,0,0,0,2’699.47,0.203293,0.453141,1.15493,3.00039,3.23779,77,-7.29764,57.1492,14,25,0,86,10,1’019,0,14,12,0.8,0.7,15,812’876
8.48118,8,14,22,3.2392e+06,357’303,158’890,88’053.9,36’185.3,30’022.1,35’883.6,18’138.4,1’476.65,6’776.71,0,0,0,0,0,0,0.276849,0.50479,1.96711,3.0125,3.04925,80,-7.29764,57.1492,14,24,0,87,10,1’019,2,14,12,0.8,0.7,15,1.00958e+06
8.48253,8,14,23,5.0628e+06,551’270,221’275,88’323.8,29’225.8,22’900.5,14’032.3,3’072.58,4’416.57,3’092.55,0,3’107.39,1’489.56,0,0,0,0.422028,0.61474,2.50857,3.06548,2.94534,73,-7.29769,57.1492,14,23,0,87,10,1’019,4,14,12,0.7,0.7,15,1.36423e+06
8.48387,8,15,0,7.38634e+06,770’805,280’700,87’452.2,21’494.8,29’830.5,29’911.5,6’000.14,2’214.57,0,0,0,0,1’813.23,0,0,0.596512,0.798784,1.2982,2.97467,2.828,60,-7.29763,57.1492,14,22,0,88,10,1’019,6,14,12,0.7,0.7,15,1.82673e+06
8.48522,8,15,1,8.30758e+06,948’126,421’788,87’239.2,27’805.9,29’927.4,32’662.7,6’987.98,1’634.41,0,1’747.74,0,0,0,0,0,0.721207,0.934092,1.80078,3.02638,2.80638,69,-7.29766,57.1492,14,20,0,87,10,1’019,5,14,12,0.7,0.7,15,2.27913e+06
8.48656,8,15,2,8.85371e+06,1.10771e+06,416’514,100’340,24’799.9,37’433.7,39’004.6,12’547.5,2’064.1,0,0,1’986.35,0,0,0,0,0.770977,1.01551,2.49209,3.02474,2.83211,57,-7.29765,57.1492,14,17,0,86,10,1’018,4,14,12,0.9,0.7,15,2.51338e+06
8.4879,8,15,3,1.08164e+07,1.46923e+06,631’906,138’941,27’154.9,39’824.2,28’722.6,7’660.1,0,0,1’826.02,0,0,0,0,0,1.00453,1.29112,2.0766,3.02279,2.86689,61,-7.29765,57.1493,14,15,0,85,10,1’018,3,14,12,0.9,0.7,15,3.34979e+06
8.48925,8,15,4,1.85604e+07,3.16228e+06,1.43215e+06,389’667,41’301.6,66’667.8,83’553.9,10’465.1,8’552.54,0,0,0,0,2’237.51,0,0,1.94953,2.54646,3.91443,3.02304,2.81625,56,-7.29767,57.1492,14,13,0,83,10,1’018,4,14,12,0.9,0.7,15,7.1464e+06
8.49059,8,15,5,1.36612e+07,2.02757e+06,730’367,118’678,54’071.1,62’404.6,51’247.9,17’099,21’821.7,4’441.45,0,4’202.99,0,0,0,0,1.26995,1.65715,5.57248,3.02527,2.84345,55,-7.29766,57.1492,14,12,0,82,10,1’018,4,14,11,0.8,0.8,15,4.36185e+06
8.49194,8,15,6,2.2643e+07,5.84564e+06,3.23134e+06,940’517,125’862,85’627,48’764.9,15’381.3,6’667.98,4’224.73,0,0,0,0,0,0,3.22522,4.45905,5.96588,3.02333,2.80278,54,-7.29768,57.1492,14,10,0,80,10,1’018,5,14,11,0.8,0.8,15,1.35292e+07
8.49328,8,15,7,2.15023e+07,5.07944e+06,2.35554e+06,649’341,71’797.5,51’048.7,83’179.8,14’408.6,21’903.1,31’426.4,17’196.3,46’400,48’602.5,19’420.4,19’141.5,117’567,2.72818,3.52963,29.8691,3,2.78745,51,-7.29767,57.1492,14,10,0,80,10,1’018,6,14,11,0.8,0.8,15,1.13546e+07
8.49462,8,15,8,8.81305e+06,1.03303e+06,356’413,95’130.2,28’852.4,35’841.1,35’877.8,1’999.87,6’072.9,1’999.87,2’270.77,0,0,0,0,0,0.735746,0.976222,2.27367,3.025,2.7769,58,-7.29768,57.1492,14,10,0,79,10,1’018,7,14,11,0.8,0.8,15,2.33324e+06
8.49597,8,15,9,2.45843e+06,265’041,102’937,53’500.6,31’486.2,37’112.9,7’866.76,3’133.98,1’592.94,0,0,0,0,0,0,0,0.203757,0.418924,0.633289,3.02803,2.88155,71,-7.29765,57.1492,15,10,0,79,10,1’018,7,15,11,0.8,0.8,15,706’428
8.49731,8,15,10,2.30719e+06,273’922,145’230,82’301.5,31’466.4,26’170.5,9’224.07,6’585.12,0,0,1’478.11,0,0,0,0,0,0.212437,0.41404,0.936947,3.01167,3.23679,78,-7.20865,57.1823,15,10,0,79,10,1’018,8,15,11,0.8,0.8,15,788’814
8.49866,8,15,11,2.9548e+06,303’074,143’709,47’804.8,24’343,21’524.8,6’219.59,4’918.12,0,0,1’390.73,0,0,0,0,0,0.249091,0.397615,0.839149,3.01234,2.82364,77,-7.13623,57.2518,15,10,0,79,10,1’018,8,15,11,0.8,0.8,15,802’075
8.5,8,15,12,2.62141e+06,266’212,97’806.5,50’489,13’524.3,40’788.5,75’870.9,88’076.3,83’875.4,122’807,97’416.7,122’189,92’422.8,59’485,36’702.4,82’414.2,0.209804,0.406303,85.3233,2.9981,3.13253,79,-7.20723,57.3318,15,9,0,80,10,1’018,9,15,11,0.8,0.8,15,1.53988e+06
8.50134,8,15,13,4.62087e+06,469’291,185’361,46’733.4,13’680.7,33’302.3,13’620.1,3’309.76,5’247.67,3’373.08,1’818.94,8’516.77,6’990.71,8’826.33,3’437.83,3’630.94,0.374425,0.54415,4.93635,3.00914,2.85429,70,-7.24852,57.3255,15,9,0,80,10,1’018,11,15,12,0.8,0.8,15,1.18157e+06
8.50269,8,15,14,1.53513e+06,90’193.2,33’002.3,32’754,0,10’907.9,31’815.2,28’383.5,10’850.9,70’819.8,42’432.1,39’221.6,18’061.3,10’612.3,7’167.76,14’113.7,0.103405,0.165951,32.068,2.97,2.79686,35,-7.24852,57.3255,15,9,0,80,10,1’018,13,15,12,1.2,0.8,15,543’741
8.50403,8,15,15,2.10917e+06,222’040,77’451.7,38’700.2,13’506.5,5’184.86,2’776.93,1’356.83,1’293.82,1’293.82,3’989.12,5’241.68,5’299.47,1’343.74,6’576.67,12’008.9,0.169424,0.238941,3.27755,3.02899,3.15962,79,-7.24854,57.3255,15,9,0,81,10,1’018,15,15,12,1.2,0.8,15,567’488
8.50538,8,15,16,976’248,73’575.6,23’423.3,9’964.9,4’441.39,17’570.9,80’207.7,59’306.4,104’638,147’945,96’293.4,93’581.6,109’796,58’740.4,54’938.1,69’405.4,0.0698677,0.143087,76.7645,3.01267,2.97827,75,-7.24847,57.3255,16,12,0,80,10,1’018,16,16,12,1.2,0.8,15,1.0737e+06
8.50672,8,15,17,3.99966e+06,471’040,146’815,33’508.6,8’056.62,13’518.5,16’582.9,21’720.5,24’455,38’184.3,23’634.9,53’034.3,38’462,17’211.2,11’952.6,34’938.2,0.32883,0.413609,30.9582,3.015,3.20231,78,-7.24852,57.3255,16,15,0,80,10,1’018,17,16,12,1.2,0.8,15,1.28194e+06
8.50806,8,15,18,6.24962e+06,835’844,366’842,56’347.4,17’724.6,12’377.9,19’334.8,11’170.8,24’795.9,47’236.5,42’294.8,40’848.3,35’428.6,20’318.4,13’711.6,32’004.2,0.579635,0.692965,31.0091,3,3.2026,77,-7.24841,57.3254,16,17,0,79,10,1’017,18,16,12,1.2,0.8,15,2.15591e+06
8.50941,8,15,19,4.95616e+06,478’918,162’238,47’714.1,11’182,20’002.1,16’580.3,22’380.9,33’619.7,32’339.2,49’778.9,63’219.5,43’098.1,34’364.4,39’619.9,72’521,0.3844,0.506507,40.0105,3.01228,3.02127,79,-7.24827,57.3255,16,18,0,79,10,1’017,17,16,12,1.2,0.8,15,1.51198e+06
8.51075,8,15,20,5.60358e+06,437’559,151’643,31’604.5,22’123.5,66’638.4,239’025,214’875,246’904,411’174,308’822,358’494,284’225,190’428,145’226,341’711,0.407411,0.688442,258.579,3.01222,2.90173,81,-7.2481,57.3256,16,19,0,78,10,1’018,15,16,12,1.2,0.8,15,3.85786e+06
8.5121,8,15,21,2.42812e+06,210’195,72’687,28’507.2,15’885.7,35’525.2,64’676.6,91’285.9,108’122,187’005,153’502,202’964,167’722,155’077,106’228,251’955,0.181457,0.347749,134.718,3.01686,2.91743,70,-7.24821,57.3256,16,21,0,78,10,1’018,14,16,12,1.2,0.8,15,2.03279e+06
8.51344,8,15,22,2.15084e+06,181’913,54’129.5,23’540.2,12’637.6,11’047.3,9’401.79,4’797.03,4’624.21,4’695.33,1’507.23,0,0,3’341.48,0,0,0.15679,0.232761,1.41109,3.02705,2.77808,78,-7.24848,57.3256,15,19,0,80,10,1’018,13,15,12,1.2,0.8,15,468’425
8.51478,8,15,23,6.03825e+06,507’051,229’075,91’006,35’672.3,71’623.1,50’718.2,9’277.66,5’942.2,15’036.3,0,0,0,0,0,0,0.468419,0.836101,3.26348,3.06585,2.80683,41,-7.24845,57.3255,15,17,0,81,10,1’017,12,15,12,1.1,0.7,15,1.48382e+06
8.51613,8,16,0,9.6557e+06,1.51382e+06,574’492,257’330,146’597,295’292,240’616,82’304.1,33’717.7,24’642,15’234.5,4’514.42,0,0,0,0,0.931773,2.34819,15.1074,2.95055,2.71836,55,-7.24841,57.3254,15,16,0,83,10,1’017,11,15,12,1.1,0.7,15,4.12033e+06
8.51747,8,16,1,1.14882e+07,1.72061e+06,787’946,333’514,215’969,374’105,302’514,75’822,52’195,19’300.5,8’620.37,8’544.2,2’080.95,0,0,0,1.13505,2.98453,16.7019,3.02327,2.82309,55,-7.24839,57.3254,15,15,0,84,10,1’017,13,15,12,1.1,0.7,15,5.03627e+06
8.51882,8,16,2,1.41009e+07,1.71559e+06,788’388,371’289,235’576,499’577,368’360,107’275,55’921.2,48’061.4,13’298.4,12’757.6,4’502.35,2’381.62,0,2’198.42,1.26809,3.59421,24.1664,3.02945,2.80527,55,-7.24849,57.3255,15,14,0,84,10,1’016,15,15,12,1.1,0.7,15,5.49326e+06
8.52016,8,16,3,2.81698e+07,5.32366e+06,2.30375e+06,572’597,242’249,420’930,580’829,372’324,395’306,491’504,398’597,406’760,392’488,294’091,172’662,203’200,3.08531,5.32175,321.052,3.02565,2.83097,62,-7.24842,57.3254,15,13,0,85,10,1’015,17,15,13,1.1,0.7,15,1.56563e+07
8.52151,8,16,4,3.71438e+07,9.49754e+06,5.0422e+06,1.68571e+06,519’276,787’726,862’496,578’724,630’539,733’379,630’483,686’689,449’357,351’235,191’035,189’570,5.17776,9.95474,520.826,3.02233,2.7975,60,-7.24845,57.3255,15,12,0,86,10,1’015,27,15,13,1.1,0.7,15,2.80137e+07
8.52285,8,16,5,3.34862e+07,7.89279e+06,4.02063e+06,1.3988e+06,544’398,963’240,1.1153e+06,835’837,741’650,944’388,781’828,883’696,672’626,448’370,250’612,214’156,4.37573,9.54766,660.177,3.02587,2.85429,63,-7.24848,57.3255,15,11,0,87,10,1’015,36,15,13,1,0.7,15,2.6084e+07
8.52419,8,16,6,2.36895e+07,4.23155e+06,1.72023e+06,424’311,205’131,328’773,343’587,216’045,221’023,234’246,196’136,273’318,299’394,190’673,117’599,156’813,2.47698,4.23098,189.253,3.02409,2.85076,66,-7.24852,57.3254,15,10,0,88,10,1’015,46,15,13,1,0.7,15,1.16358e+07
8.52554,8,16,7,2.89189e+07,4.75257e+06,2.0356e+06,517’783,224’464,387’784,547’949,423’289,398’251,481’899,358’504,389’432,378’615,246’678,138’808,158’684,2.9389,4.99321,306.179,3.02358,2.86075,67,-7.24853,57.3255,15,11,0,88,10,1’015,59,15,13,1,0.7,15,1.43792e+07
8.52688,8,16,8,1.45546e+07,1.42217e+06,407’261,96’290.4,74’409.8,179’956,324’585,301’541,294’563,342’066,258’980,277’309,194’323,127’268,69’388.9,32’013.9,1.10548,1.8974,216.961,3.02215,2.81646,65,-7.24858,57.3255,15,12,0,88,10,1’015,71,15,13,1,0.7,15,5.5076e+06
8.52823,8,16,9,1.45974e+07,1.33479e+06,322’841,114’813,81’908.7,202’877,408’462,352’271,422’621,497’672,322’963,407’326,348’983,202’929,108’984,66’030,1.06366,1.95748,302.83,3.10605,2.92658,38,-7.24855,57.3255,15,13,0,88,10,1’014,84,15,13,1,0.7,15,6.25913e+06
8.56452,8,17,12,3.99769e+06,615’103,313’149,153’867,60’552.9,82’490.1,49’031.4,22’636.9,6’935.23,2’336.71,1’149.16,0,0,0,0,0,0.411962,0.904283,2.62968,2.9875,3.21784,88,-7.21903,57.2112,15,8,0.1,87,10,1’008,58,15,13,0.7,0.6,15,1.71921e+06
8.56586,8,17,13,3.71421e+06,517’587,238’688,134’197,60’463.2,80’336,30’559.2,5’279.65,1’432.19,1’267.27,0,0,0,0,0,0,0.354801,0.824532,1.40248,3.02684,3.14848,79,-7.21723,57.1596,16,6,0.1,87,10,1’008,67,16,13,0.7,0.6,15,1.42461e+06
8.5672,8,17,14,2.53357e+06,326’456,164’413,136’612,57’855,87’709.4,44’595.5,21’058.1,8’370.27,2’895.07,1’326.55,0,0,0,0,0,0.238758,0.730738,2.5426,3.01234,3.08558,77,-7.29198,57.1503,16,5,0,86,10,1’008,76,16,14,0.6,0.6,15,1.09005e+06
8.56855,8,17,15,1.94336e+06,355’628,284’362,237’280,86’035.6,137’758,84’865.6,36’130.5,16’936.9,6’037.57,1’549.46,0,0,0,0,0,0.257396,1.03962,4.30409,3.01132,2.99355,76,-7.29772,57.1491,16,4,0,86,10,1’008,85,16,14,0.6,0.6,15,1.50398e+06
8.56989,8,17,16,2.19448e+06,327’358,254’106,201’663,103’420,135’419,114’669,46’849,21’025.8,12’878.4,5’006.61,1’625.67,0,0,0,0,0.254919,1.02785,6.97499,3.00945,2.98192,73,-7.29766,57.1491,16,6,0.1,85,8,1’007,78,16,13,0.6,0.6,15,1.47894e+06
8.57124,8,17,17,1.58061e+06,187’393,127’483,76’934.7,21’605,36’400.3,29’781.9,7’886.01,10’738,0,2’660.45,2’737.94,2’720.33,0,0,0,0.156371,0.371957,2.89619,3.11053,3.30132,38,-7.29771,57.1491,16,8,0.1,85,7,1’007,72,16,13,0.6,0.6,15,662’712
8.72715,8,22,13,5.2377e+06,859’280,671’371,594’297,284’628,418’052,357’430,99’541.8,47’806.4,36’891.6,19’018.4,9’228.18,7’426.66,1’798.16,0,3’613.92,0.643141,2.95431,21.5445,3.00933,2.80717,60,-7.46095,56.9358,15,18,1.5,86,9,1’001,100,15,12,0.9,0.9,14,4.05352e+06
8.72849,8,22,14,3.82992e+06,726’571,743’487,659’694,383’913,532’141,569’263,134’217,103’139,73’639.3,28’903.2,12’226.9,4’800.68,2’376.67,0,0,0.578898,3.47971,34.1103,3.0054,2.766,50,-7.49245,56.954,15,19,0.8,83,10,1’002,100,15,12,0.9,0.9,14,4.55327e+06
8.72984,8,22,15,2.14783e+08,6.69634e+08,1.41028e+08,1.49401e+06,360’246,393’794,360’352,40’003.9,80’007.9,40’003.9,0,6’667.32,0,0,0,0,163.776,166.847,181.217,2.918,2.736,20,-7.49247,56.954,15,20,0.1,81,10,1’003,100,15,11,0.9,0.9,14,9.77213e+08
8.73118,8,22,16,3.65183e+06,1.02238e+06,1.03264e+06,819’354,340’712,453’582,283’056,64’926.3,39’558.3,21’998.6,8’892.06,2’976.93,0,0,0,0,0.720614,3.41849,14.312,2.99658,2.89342,38,-7.49246,56.954,14,23,0.1,81,10,1’004,84,14,11,0.9,0.9,14,4.8107e+06
8.73253,8,22,17,6.16317e+06,1.35389e+06,1.3791e+06,1.00225e+06,523’086,557’605,291’356,101’625,54’318.3,25’868.8,8’700.3,1’625.9,3’229.89,0,0,1’783.05,1.02629,4.5047,16.8296,3.02159,2.83217,69,-7.49247,56.954,14,26,0,81,10,1’004,68,14,11,1.2,1,14,6.33073e+06
8.73387,8,22,18,6.60113e+06,1.4345e+06,1.43816e+06,1.27156e+06,574’035,676’550,382’063,103’795,39’674.6,8’508.97,4’013.68,4’013.68,4’364.08,0,0,0,1.08384,5.25296,15.97,3.13552,2.90931,29,-7.49245,56.954,14,29,0,81,10,1’005,52,14,11,1.2,1,14,7.02507e+06
8.85215,8,26,10,341’441,24’947.2,21’650.2,5’982.56,0,17’947.7,0,0,0,0,0,0,0,0,0,0,0.0307551,0.0948284,0.0948284,2.80929,3.33286,14,-7.47216,56.9333,13,25,0,79,10,1’010,34,13,10,0.8,0.8,14,101’283
8.85484,8,26,12,16’938.6,0,0,0,0,0,0,0,0,0,0,0,0,0,0,0,0.00109063,0.00109063,0.00109063,3.01978,4.25,46,-6.92277,56.9767,13,17,0,78,10,1’012,17,13,10,0.3,0.6,14,1’090.63
8.85618,8,26,13,125’548,0,8’658.48,0,0,0,0,0,0,0,0,0,0,0,0,0,0.00780497,0.00780497,0.00780497,3.01944,4.25,18,-6.7611,56.9871,13,17,0,77,10,1’012,14,13,10,0.6,0.6,14,16’463.4
8.85753,8,26,14,150’707,0,2’740.12,0,0,0,0,0,0,0,0,0,0,0,0,0,0.0077629,0.0077629,0.0077629,2.96103,4.25,29,-6.57982,57.0053,13,16,0,78,10,1’013,58,13,9,0.9,0.6,13,10’503
8.85887,8,26,15,98’915,0,0,0,0,0,0,0,0,0,0,0,0,0,0,0,0.00398056,0.00398056,0.00398056,2.92769,4.25,13,-6.46201,57.042,13,18,0,80,10,1’013,37,13,9,0.9,0.6,13,3’980.56
8.86022,8,26,16,127’935,0,5’330.63,0,5’330.63,0,0,0,0,0,0,0,0,0,0,0,0.00892388,0.0171613,0.0171613,2.94267,4.25,15,-6.49528,57.0554,12,19,0,79,10,1’013,38,12,9,0.9,0.6,13,19’585.1
8.86156,8,26,17,605’712,294’014,331’401,187’725,113’877,131’253,45’093.5,25’978.2,2’455.75,2’455.75,2’479.91,0,0,0,0,0,0.197288,0.963415,2.7948,3.00477,3.47705,44,-6.49528,57.0554,12,20,0,78,10,1’013,40,12,9,0.9,0.6,13,1.33402e+06
8.8629,8,26,18,1.0471e+06,397’792,384’091,244’510,123’256,131’198,60’171.4,28’230.2,11’859.6,5’908.74,0,0,0,0,0,0,0.254331,1.08162,3.39048,3.05132,2.97553,76,-6.49528,57.0554,12,21,0,77,10,1’013,41,12,8,0.9,0.6,13,1.64135e+06
8.8871,8,27,12,78’431.4,0,0,78’431.4,0,0,0,0,0,0,0,0,0,0,0,0,0,0.07,0.07,1.5,2.125,2,-6.25958,57.0793,11,5,1.2,86,9,1’011,95,11,9,0.6,0.4,13,78’431.4
8.88844,8,27,13,117’062,0,0,0,78’041.2,195’103,0,0,0,0,0,0,0,0,0,0,0.00497512,0.775622,0.775622,3.015,4.25,2,-6.14078,57.0343,13,13,1.6,82,9,1’010,98,13,11,0.3,0.1,14,278’119
8.89785,8,27,20,1’857.76,0,928.878,0,0,0,928.878,0,0,0,0,0,0,0,0,0,0.000358849,0.000358849,0.00837314,3.0156,4.25,84,-5.82571,57.0054,14,24,0.1,84,5,1’008,97,14,11,0.7,0.3,14,2’216.61
8.89919,8,27,21,960.463,0,0,960.463,960.463,960.463,0,0,0,0,0,0,0,0,0,0,0,0.00544208,0.00544208,3.02444,4.25,81,-5.82573,57.0054,13,28,0.2,84,2,1’008,100,13,11,0.7,0.3,14,2’881.39
8.90726,8,28,3,938.212,0,0,1’876.42,0,0,0,0,0,0,0,0,0,0,0,0,0,0.00144982,0.00144982,3.02157,4.25,83,-5.82567,57.0054,13,25,0.1,83,10,1’010,100,13,10,0.9,0.4,14,1’876.42
8.91667,8,28,10,949.724,0,0,949.724,0,0,0,0,0,0,0,0,0,0,0,0,0,0.000733804,0.000733804,3.02134,4.25,82,-5.82573,57.0054,13,26,0,72,10,1’012,14,13,8,0.9,0.5,14,949.724
8.9543,8,29,14,11’949.9,0,3’983.31,0,0,0,0,0,0,0,0,0,0,0,0,0,0.00153885,0.00153885,0.00153885,3.10895,4.36184,38,-6.26529,57.05,13,32,0,65,10,1’018,10,13,6,1,0.7,14,5’522.16
8.98387,8,30,12,38’939.9,0,9’734.97,0,0,0,0,0,0,0,0,0,0,0,0,0,0.00501448,0.00501448,0.00501448,3.02125,4.25,8,-6.28248,56.8138,14,6,0,67,10,1’021,80,14,8,0.2,0.1,14,14’749.4
8.98522,8,30,13,36’625.4,0,0,0,1’592.41,0,0,0,0,0,0,0,0,0,0,0,0.000410125,0.00287087,0.00287087,3.01551,4.25,49,-6.26562,56.7548,14,7,0,67,10,1’020,79,14,8,0.2,0.1,14,2’002.53
8.98656,8,30,14,26’025.9,0,4’003.98,2’001.99,0,0,0,0,0,0,0,0,0,0,0,0,0.00180465,0.00335148,0.00335148,3.01359,4.25,39,-6.22831,56.6954,14,7,0.1,68,10,1’020,78,14,8,0.3,0.1,14,7’810.62
8.9879,8,30,15,42’415.9,0,4’894.14,0,0,0,0,0,0,0,0,0,0,0,0,0,0.00315122,0.00315122,0.00315122,3.00479,4.25,48,-6.09607,56.6751,14,8,0.1,69,10,1’020,78,14,8,0.3,0.1,14,8’045.36
8.98925,8,30,16,32’466.1,0,0,6’834.98,0,1’708.74,0,0,0,0,0,0,0,0,0,0,0.000880174,0.0123224,0.0123224,2.99348,4.25,46,-6.09607,56.6751,13,8,0.1,71,10,1’020,64,13,8,0.3,0.1,14,9’423.9
8.99059,8,30,17,18’766,0,0,0,0,1’563.83,0,0,0,0,0,0,0,0,0,0,0.000201382,0.00543733,0.00543733,3.0092,4.25,50,-6.09607,56.6751,13,8,0,74,10,1’020,49,13,8,0.2,0.1,14,1’765.21
8.99194,8,30,18,18’941.7,0,0,0,0,0,0,0,0,0,0,0,0,0,0,0,0.000487844,0.000487844,0.000487844,2.95762,4.25,21,-6.09607,56.6751,12,8,0,77,10,1’020,35,12,8,0.2,0.1,14,487.844
8.99328,8,30,19,27’248.9,0,1’946.35,1’946.35,0,3’892.7,0,0,0,0,0,0,0,0,0,0,0.00175449,0.0162917,0.0162917,3.09974,4.35897,39,-6.09607,56.6751,11,6,0,82,10,1’020,31,11,8,0.2,0.1,14,9’539.88
9.04704,9,1,11,1.30849e+06,824’904,436’804,339’009,48’319.9,97’024.9,97’024.9,96’639.8,48’319.9,0,0,0,0,0,0,0,0.352078,1.01956,6.33374,2.045,2.3225,4,-6.06553,56.62,13,13,0.2,82,5,1’016,94,13,10,0.8,0.6,13,2.34013e+06
9.04839,9,1,12,1.21332e+06,431’010,390’775,316’873,153’421,246’381,78’200,34’689.4,7’028.98,13’789.5,3’400.63,0,0,0,0,0,0.271229,1.58412,5.42585,3.07083,2.81056,36,-6.06551,56.62,13,12,0.3,86,2,1’016,100,13,11,0.8,0.6,13,1.9468e+06
9.17876,9,5,13,2.41247e+06,1.40109e+06,1.64089e+06,1.42084e+06,745’701,826’628,360’268,116’437,68’502.4,16’012.2,6’175.18,3’044.41,6’473.97,0,0,0,0.93792,5.99758,18.9819,3.02237,2.75579,38,-5.55718,56.443,13,20,0.4,71,10,1’016,75,13,8,0.7,0.3,13,7.54998e+06
9.18145,9,5,15,2.0785e+06,1.32449e+06,1.41522e+06,1.18585e+06,550’528,579’423,360’088,111’987,74’085.3,26’442.4,10’926.7,9’860.52,3’539.84,0,0,3’215.85,0.827699,4.56897,22.3097,3.01171,2.86029,35,-5.47624,56.4165,13,18,0.3,69,9,1’016,84,13,7,0.8,0.3,13,6.48335e+06
9.1828,9,5,16,1.86317e+06,1.16177e+06,1.34291e+06,1.24449e+06,486’142,636’522,286’303,97’578.1,51’476.9,17’304,0,0,0,0,0,0,0.764388,4.64019,13.4876,2.97409,2.80318,22,-5.47628,56.4165,13,16,0.2,72,9,1’016,76,13,8,0.8,0.3,13,6.08889e+06
9.21237,9,6,14,805’235,258’809,229’888,86’422.2,57’614.8,28’807.4,28’807.4,57’500.5,28’807.4,0,0,0,0,0,0,0,0.164056,0.420477,3.33564,2.766,3.208,5,-5.55913,56.211,14,15,0,66,10,1’020,20,14,8,0.4,0.1,13,940’713
9.21774,9,6,18,937’203,381’664,294’430,151’790,47’886.8,57’547.6,19’221.2,9’705.39,0,0,0,0,0,0,0,0,0.21372,0.601776,0.986236,2.93214,2.79571,14,-5.55912,56.2111,12,12,0,81,10,1’020,11,12,9,0.3,0.1,13,1.17597e+06
