Station,Timestamp,Year,Month,Day,Hour,Min,Sec,0.46um,0.66um,0.89um,1.15um,1.45um,1.85um,2.55um,3.5um,4.5um,5.75um,7.25um,9um,11um,13um,15um,16.5um,DurationSample_s,FlowRate_ml/s,PM1 ug/m3,PM2.5 ug/m3,PM10 ug/m3
1,1595808077,2020,7,27,0,1,17,0,0,0,0,0,0,0,0,0,0,0,0,0,0,0,0,3.01,4.25,0.00,0.00,0.00,
1,1595808080,2020,7,27,0,1,20,16,8,6,6,1,2,1,0,0,1,0,0,0,0,0,0,3.03,2.74,0.51,2.07,15.10,
1,1595808083,2020,7,27,0,1,23,17,4,5,3,2,2,0,1,1,0,0,0,0,0,0,0,3.03,2.71,0.40,1.89,10.42,
1,1595808086,2020,7,27,0,1,26,10,7,3,1,0,0,0,0,0,0,0,0,0,0,0,0,3.03,2.69,0.33,0.42,0.42,
1,1595808089,2020,7,27,0,1,29,20,7,8,4,1,4,1,0,0,0,0,0,0,0,0,0,3.03,2.73,0.61,2.79,3.83,
1,1595808092,2020,7,27,0,1,32,20,6,6,1,3,1,2,0,0,0,0,0,0,0,0,0,3.03,2.65,0.51,1.62,3.78,
1,1595808095,2020,7,27,0,1,35,17,4,4,3,1,1,0,2,0,0,0,0,0,0,0,0,3.03,2.63,0.37,1.28,6.91,
1,1595808098,2020,7,27,0,1,38,10,1,3,1,1,2,1,0,0,0,0,0,0,0,0,0,3.03,2.61,0.22,1.36,2.46,
1,1595808102,2020,7,27,0,1,42,10,7,2,2,3,1,1,1,1,0,0,0,0,0,0,0,3.03,2.65,0.29,1.50,11.32,
1,1595808105,2020,7,27,0,1,45,15,3,2,4,4,2,2,0,0,0,0,0,0,0,0,0,3.03,2.67,0.24,2.24,4.39,
1,1595808108,2020,7,27,0,1,48,21,6,5,1,2,1,4,0,0,0,0,0,0,0,0,0,3.03,2.72,0.46,1.35,5.58,
1,1595808111,2020,7,27,0,1,51,17,4,0,2,0,0,1,0,0,0,0,0,0,0,0,0,3.03,2.72,0.18,0.37,1.42,
1,1595808114,2020,7,27,0,1,54,24,3,5,1,1,1,1,1,0,0,0,0,0,0,0,0,3.03,2.73,0.43,1.12,4.88,
1,1595808117,2020,7,27,0,1,57,17,2,3,2,1,2,0,0,0,0,0,0,0,0,0,0,3.03,2.73,0.27,1.46,1.46,
1,1595808120,2020,7,27,0,2,0,19,10,3,2,0,1,0,0,0,0,0,0,0,0,0,0,3.03,2.75,0.43,1.02,1.02,
1,1595808123,2020,7,27,0,2,3,16,5,3,4,1,2,1,0,0,0,0,0,0,0,0,0,3.03,2.77,0.32,1.68,2.71,
1,1595808126,2020,7,27,0,2,6,20,3,2,6,2,2,0,1,0,0,0,0,0,0,0,0,3.03,2.77,0.26,2.00,4.67,
1,1595808129,2020,7,27,0,2,9,29,6,7,2,1,3,0,0,0,1,0,0,0,0,0,0,3.03,2.79,0.59,2.14,13.89,
1,1595808132,2020,7,27,0,2,12,16,4,2,3,0,3,0,0,0,0,0,0,0,0,0,0,3.03,2.81,0.25,1.70,1.70,
1,1595808135,2020,7,27,0,2,15,12,6,2,3,0,0,0,0,0,0,0,0,0,0,0,0,3.03,2.82,0.26,0.54,0.54,
1,1595808138,2020,7,27,0,2,18,7,7,1,4,0,1,0,0,0,0,0,0,0,0,0,0,3.03,2.85,0.21,0.96,0.96,
1,1595808141,2020,7,27,0,2,21,15,4,2,3,0,3,0,0,0,0,0,0,0,0,0,0,3.03,2.88,0.24,1.65,1.65,
1,1595808144,2020,7,27,0,2,24,19,3,6,0,2,1,2,0,0,0,0,0,0,0,0,0,3.03,2.88,0.42,1.16,3.15,
1,1595808147,2020,7,27,0,2,27,19,5,0,2,1,2,0,0,0,0,0,0,0,0,0,0,3.03,2.88,0.20,1.32,1.32,
1,1595808150,2020,7,27,0,2,30,21,5,4,2,1,4,2,1,1,1,0,0,0,0,0,0,3.03,2.88,0.38,2.26,23.67,
1,1595808153,2020,7,27,0,2,33,25,4,1,4,3,1,1,0,1,0,0,0,0,0,0,0,3.03,2.89,0.26,1.55,8.00,
1,1595808156,2020,7,27,0,2,36,11,3,0,2,0,3,0,0,0,0,0,0,0,0,0,0,3.03,2.90,0.12,1.43,1.43,
1,1595808159,2020,7,27,0,2,39,18,5,2,2,1,3,2,0,0,0,0,0,0,0,0,0,3.03,2.92,0.27,1.75,3.71,
1,1595808162,2020,7,27,0,2,42,17,3,5,0,3,2,0,0,1,0,0,0,0,0,0,0,3.03,2.91,0.36,1.66,7.07,
1,1595808165,2020,7,27,0,2,45,13,5,5,4,1,2,0,2,0,0,0,0,0,0,0,0,3.03,2.92,0.37,1.66,6.72,
1,1595808168,2020,7,27,0,2,48,19,2,5,3,1,1,0,0,1,0,0,0,0,0,0,0,3.03,2.92,0.35,1.18,6.57,
1,1595808172,2020,7,27,0,2,52,22,9,6,1,1,1,0,1,0,0,1,0,0,0,0,0,3.03,2.94,0.53,1.16,26.02,
1,1595808175,2020,7,27,0,2,55,18,4,5,3,2,0,0,1,0,0,0,0,0,0,0,0,3.03,2.94,0.38,1.00,3.51,
1,1595808178,2020,7,27,0,2,58,19,1,4,2,1,0,1,1,0,1,0,0,0,0,0,0,3.03,2.95,0.29,0.65,15.26,
1,1595809858,2020,7,27,0,30,58,0,0,0,0,0,0,0,0,0,0,0,0,0,0,0,0,3.00,4.25,0.00,0.00,0.00,
1,1595809861,2020,7,27,0,31,1,22,5,4,2,0,3,0,2,0,0,0,0,0,0,0,0,3.03,2.58,0.43,1.91,7.66,
1,1595809864,2020,7,27,0,31,4,11,7,6,2,2,2,2,0,0,0,0,0,0,0,0,0,3.03,2.62,0.48,1.92,4.10,
1,1595809871,2020,7,27,0,31,11,20,4,2,3,1,2,0,0,0,0,0,0,0,0,0,0,3.00,2.51,0.31,1.72,1.72,
1,1595809874,2020,7,27,0,31,14,24,1,10,0,0,4,0,1,0,0,0,0,0,0,0,0,3.03,2.53,0.66,2.39,5.31,
1,1595809877,2020,7,27,0,31,17,17,3,4,1,0,2,1,1,1,0,1,0,0,0,0,0,3.03,2.54,0.36,1.33,37.43,
1,1595809880,2020,7,27,0,31,20,28,4,7,2,0,1,2,1,0,0,0,0,0,0,0,0,3.03,2.56,0.59,1.23,6.36,
1,1595809883,2020,7,27,0,31,23,18,4,5,4,0,4,0,1,0,0,0,0,0,0,0,0,3.03,2.58,0.43,2.53,5.40,
1,1595809886,2020,7,27,0,31,26,24,9,6,3,0,5,1,0,1,0,0,0,0,0,0,0,3.03,2.65,0.60,2.96,9.98,
1,1595809889,2020,7,27,0,31,29,19,5,9,3,2,1,0,1,0,0,0,0,0,0,0,0,3.03,2.66,0.63,1.73,4.51,
1,1595809892,2020,7,27,0,31,32,19,6,4,0,0,4,1,0,0,0,0,0,0,0,0,0,3.03,2.66,0.41,2.06,3.13,
1,1595809895,2020,7,27,0,31,35,20,2,4,1,0,1,0,2,0,0,0,0,0,0,0,0,3.03,2.67,0.34,0.85,6.39,
1,1595809898,2020,7,27,0,31,38,17,1,7,4,0,3,1,1,0,0,0,0,0,0,0,0,3.03,2.68,0.44,2.06,5.89,
1,1595809901,2020,7,27,0,31,41,16,5,6,3,1,0,0,0,0,0,0,0,0,0,0,0,3.03,2.70,0.46,0.95,0.95,
1,1595809904,2020,7,27,0,31,44,15,3,1,2,2,4,0,0,0,0,0,0,0,0,0,0,3.03,2.72,0.19,2.38,2.38,
1,1595809907,2020,7,27,0,31,47,21,1,5,2,1,2,1,0,0,0,0,0,0,0,0,0,3.03,2.72,0.37,1.56,2.61,
1,1595809910,2020,7,27,0,31,50,16,6,4,2,2,0,1,0,0,0,0,0,0,0,0,0,3.03,2.72,0.39,0.97,2.02,
1,1595809913,2020,7,27,0,31,53,18,4,2,2,2,3,0,0,0,0,0,0,0,0,0,0,3.03,2.74,0.27,2.04,2.04,
1,1595809916,2020,7,27,0,31,56,25,6,4,6,3,0,0,0,0,0,0,0,0,0,0,0,3.03,2.76,0.44,1.58,1.58,
1,1595809919,2020,7,27,0,31,59,21,7,4,2,1,2,0,0,1,0,0,0,0,0,0,0,3.03,2.77,0.43,1.60,7.29,
1,1595809922,2020,7,27,0,32,2,18,5,7,2,1,1,3,1,1,0,0,0,0,0,0,0,3.03,2.76,0.51,1.28,12.77,
1,1595809925,2020,7,27,0,32,5,14,4,7,1,1,0,1,0,0,2,0,0,0,0,0,0,3.03,2.79,0.46,0.74,25.32,
1,1595809928,2020,7,27,0,32,8,27,2,2,5,1,1,1,1,0,0,0,0,0,0,0,0,3.03,2.79,0.29,1.34,5.01,
1,1595809931,2020,7,27,0,32,11,14,4,8,2,0,1,0,0,0,0,0,0,0,0,0,0,3.03,2.81,0.50,1.08,1.08,
1,1595809934,2020,7,27,0,32,14,21,5,3,7,2,0,1,0,1,0,0,0,0,0,0,0,3.03,2.81,0.34,1.37,8.00,
1,1595809938,2020,7,27,0,32,18,16,8,3,1,2,1,2,2,0,0,0,0,0,0,0,0,3.03,2.86,0.36,1.20,8.40,
1,1595809941,2020,7,27,0,32,21,22,6,3,6,2,2,2,1,1,0,0,0,0,0,0,0,3.03,2.85,0.36,2.05,12.15,
1,1595809944,2020,7,27,0,32,24,19,6,5,2,1,2,1,1,0,0,0,0,0,0,0,0,3.03,2.89,0.42,1.55,5.10,
1,1595809947,2020,7,27,0,32,27,24,4,6,4,1,1,0,1,0,0,0,0,0,0,0,0,3.03,2.92,0.46,1.37,3.91,
1,1595809950,2020,7,27,0,32,30,20,10,5,4,1,1,0,0,0,0,0,0,0,0,0,0,3.03,2.94,0.49,1.40,1.40,
1,1595809953,2020,7,27,0,32,33,17,2,4,2,1,2,3,0,0,0,0,0,0,0,0,0,3.03,2.93,0.30,1.40,4.34,
1,1595809956,2020,7,27,0,32,36,23,3,4,5,1,1,0,0,0,0,0,0,0,0,0,0,3.03,2.94,0.35,1.35,1.35,
1,1595809959,2020,7,27,0,32,39,20,9,6,4,0,1,1,0,0,0,0,0,0,0,0,0,3.03,2.97,0.51,1.23,2.20,
1,1595809962,2020,7,27,0,32,42,21,4,1,4,1,0,1,0,0,0,0,1,0,0,0,0,3.03,2.99,0.23,0.75,43.84,
1,1595809965,2020,7,27,0,32,45,26,5,2,2,4,2,0,0,0,0,0,0,0,0,0,0,3.03,3.00,0.31,1.92,1.92,
1,1595809968,2020,7,27,0,32,48,11,5,8,2,3,2,0,1,0,0,0,0,0,0,0,0,3.03,3.01,0.47,1.89,4.35,
1,1595809971,2020,7,27,0,32,51,19,4,3,4,1,4,0,1,1,0,0,0,0,0,0,0,3.03,3.03,0.29,2.25,9.88,
1,1595809974,2020,7,27,0,32,54,11,6,2,0,0,2,0,1,0,0,0,0,0,0,0,0,3.03,3.04,0.24,0.96,3.39,
1,1595809977,2020,7,27,0,32,57,19,5,6,3,3,2,0,0,0,0,0,0,0,0,0,0,3.03,3.02,0.43,1.94,1.94,
1,1595811649,2020,7,27,1,0,49,0,0,0,0,0,0,0,0,0,0,0,0,0,0,0,0,2.93,4.25,0.00,0.00,0.00,
1,1595811652,2020,7,27,1,0,52,7,2,3,4,1,0,0,1,0,0,0,0,0,0,0,0,3.03,2.83,0.21,0.76,3.38,
1,1595811656,2020,7,27,1,0,56,20,4,2,3,3,2,0,0,1,0,0,0,0,0,0,0,3.03,2.66,0.29,2.01,7.93,
1,1595811659,2020,7,27,1,0,59,15,4,2,1,1,2,0,0,0,0,0,0,0,0,0,0,3.03,2.56,0.27,1.43,1.43,
1,1595811662,2020,7,27,1,1,2,10,7,2,1,0,0,0,0,0,0,0,0,0,0,0,0,3.03,2.57,0.30,0.40,0.40,
1,1595811677,2020,7,27,1,1,17,17,5,1,3,0,3,0,0,0,0,0,0,0,0,0,0,3.00,2.50,0.26,1.91,1.91,
1,1595811680,2020,7,27,1,1,20,26,2,5,3,3,1,0,0,0,0,0,0,0,0,0,0,3.03,2.52,0.45,1.83,1.83,
1,1595811683,2020,7,27,1,1,23,9,5,3,1,0,4,0,0,0,0,1,0,0,0,0,0,3.03,2.55,0.30,2.12,27.93,
1,1595811686,2020,7,27,1,1,26,17,2,7,2,3,1,0,0,0,0,0,0,0,0,0,0,3.03,2.57,0.48,1.73,1.73,
1,1595811689,2020,7,27,1,1,29,10,3,5,1,1,3,0,0,0,0,0,0,0,0,0,0,3.03,2.58,0.36,1.94,1.94,
1,1595811692,2020,7,27,1,1,32,10,6,1,3,0,2,0,0,0,0,0,0,0,0,0,0,3.03,2.58,0.23,1.38,1.38,
1,1595811695,2020,7,27,1,1,35,13,11,4,4,0,2,1,0,1,0,0,0,0,0,0,0,3.03,2.60,0.48,1.73,8.88,
1,1595811698,2020,7,27,1,1,38,20,4,7,0,1,4,0,0,1,0,0,0,0,0,0,0,3.03,2.63,0.53,2.39,8.38,
1,1595811701,2020,7,27,1,1,41,16,3,1,4,3,3,4,0,0,0,0,0,0,0,0,0,3.03,2.63,0.21,2.45,6.81,
1,1595811704,2020,7,27,1,1,44,9,4,3,2,1,2,1,0,0,2,0,0,0,0,0,0,3.03,2.65,0.27,1.49,27.34,
1,1595811707,2020,7,27,1,1,47,19,3,3,4,1,1,0,0,0,0,0,0,0,0,0,0,3.03,2.66,0.31,1.32,1.32,
1,1595811710,2020,7,27,1,1,50,11,3,4,0,0,1,1,0,0,0,0,0,0,0,0,0,3.03,2.69,0.31,0.71,1.78,
1,1595811713,2020,7,27,1,1,53,6,5,4,7,0,0,0,0,0,0,0,0,0,0,0,0,3.03,2.71,0.31,0.99,0.99,
1,1595811716,2020,7,27,1,1,56,15,3,7,0,1,2,0,0,0,0,0,0,0,0,0,0,3.03,2.73,0.46,1.45,1.45,
1,1595811719,2020,7,27,1,1,59,18,3,3,3,3,1,1,2,0,0,0,0,0,0,0,0,3.03,2.75,0.30,1.56,7.99,
1,1595811722,2020,7,27,1,2,2,14,6,2,1,1,4,1,1,0,0,0,0,0,0,0,0,3.03,2.77,0.28,2.14,5.85,
1,1595811725,2020,7,27,1,2,5,9,5,1,0,2,2,0,1,0,0,0,0,0,0,0,0,3.03,2.81,0.19,1.34,3.98,
1,1595811728,2020,7,27,1,2,8,16,6,5,3,2,1,0,0,0,0,0,0,0,0,0,0,3.03,2.82,0.42,1.46,1.46,
1,1595811732,2020,7,27,1,2,12,17,7,3,3,1,0,0,0,1,0,0,0,0,0,0,0,3.03,2.83,0.35,0.82,6.38,
1,1595811735,2020,7,27,1,2,15,11,8,5,4,0,3,2,0,0,0,0,0,0,0,0,0,3.03,2.85,0.42,1.94,3.95,
1,1595811738,2020,7,27,1,2,18,14,8,3,2,1,0,0,0,0,0,0,0,0,0,0,0,3.03,2.84,0.35,0.72,0.72,
1,1595811741,2020,7,27,1,2,21,24,3,6,2,1,1,2,0,0,0,0,0,0,0,0,0,3.03,2.86,0.45,1.20,3.21,
1,1595811744,2020,7,27,1,2,24,26,9,6,3,1,2,2,0,0,0,1,0,0,0,0,0,3.03,2.89,0.56,1.77,26.50,
1,1595811747,2020,7,27,1,2,27,19,7,8,3,4,3,2,0,0,0,0,0,0,0,0,0,3.03,2.91,0.56,2.69,4.66,
1,1595811750,2020,7,27,1,2,30,9,5,4,0,1,0,0,0,0,0,0,1,0,0,0,0,3.03,2.92,0.30,0.48,43.57,
1,1595811753,2020,7,27,1,2,33,19,8,4,4,1,2,1,0,0,0,0,0,0,0,0,0,3.03,2.92,0.41,1.70,2.68,
1,1595811756,2020,7,27,1,2,36,13,2,3,3,2,1,1,0,0,0,0,0,0,0,0,0,3.03,2.94,0.23,1.23,2.21,
1,1595811759,2020,7,27,1,2,39,17,4,0,3,0,2,0,0,0,0,0,0,0,0,0,0,3.03,2.94,0.16,1.18,1.18,
1,1595811762,2020,7,27,1,2,42,15,5,5,2,0,1,1,0,0,0,0,0,0,0,0,0,3.03,2.97,0.37,0.92,1.88,
1,1595811765,2020,7,27,1,2,45,17,7,2,2,0,5,0,1,0,0,0,0,0,0,0,0,3.03,2.95,0.30,2.33,4.84,
1,1595811768,2020,7,27,1,2,48,14,5,1,4,0,2,0,0,0,0,0,0,0,0,0,0,3.03,2.95,0.21,1.30,1.30,
1,1595811771,2020,7,27,1,2,51,15,1,3,4,2,2,2,0,0,0,0,0,0,0,0,0,3.03,2.95,0.23,1.68,3.63,
1,1595811774,2020,7,27,1,2,54,18,1,5,5,0,0,1,1,0,0,0,0,0,0,0,0,3.03,2.96,0.33,0.77,4.24,
1,1595811777,2020,7,27,1,2,57,26,4,4,2,1,3,0,0,0,0,0,0,0,0,0,0,3.03,2.97,0.38,1.83,1.83,
1,1595813457,2020,7,27,1,30,57,0,0,0,0,0,0,0,0,0,0,0,0,0,0,0,0,2.27,4.25,0.00,0.00,0.00,
1,1595813482,2020,7,27,1,31,22,16,6,3,4,3,2,0,1,0,0,0,0,0,0,0,0,3.00,2.55,0.37,2.28,5.21,
1,1595813485,2020,7,27,1,31,25,15,4,3,2,0,1,0,0,0,0,0,0,0,0,0,0,3.03,2.52,0.32,0.96,0.96,
1,1595813488,2020,7,27,1,31,28,10,2,3,3,3,0,1,1,0,0,0,0,0,0,0,0,3.03,2.55,0.25,1.18,5.21,
1,1595813491,2020,7,27,1,31,31,6,2,4,2,0,3,1,0,0,0,0,0,0,0,0,0,3.03,2.54,0.27,1.77,2.90,
1,1595813494,2020,7,27,1,31,34,12,0,5,1,0,1,0,0,0,0,0,0,0,0,0,0,3.03,2.54,0.32,0.85,0.85,
1,1595813497,2020,7,27,1,31,37,12,6,4,1,1,0,2,1,0,0,0,0,0,0,0,0,3.03,2.57,0.38,0.69,5.81,
1,1595813500,2020,7,27,1,31,40,14,5,3,3,0,2,0,0,0,0,0,0,0,0,0,0,3.03,2.58,0.33,1.48,1.48,
1,1595813503,2020,7,27,1,31,43,24,4,4,2,4,4,0,1,0,0,0,0,0,0,0,0,3.03,2.60,0.42,3.11,5.96,
1,1595813506,2020,7,27,1,31,46,15,7,4,2,0,2,1,0,0,0,0,0,0,0,0,0,3.03,2.64,0.41,1.44,2.53,
1,1595813509,2020,7,27,1,31,49,16,2,6,5,1,2,2,0,0,1,0,0,0,0,0,0,3.03,2.64,0.42,1.94,16.57,
1,1595813512,2020,7,27,1,31,52,16,4,4,2,1,1,1,0,0,0,0,0,0,0,0,0,3.03,2.63,0.36,1.18,2.26,
1,1595813515,2020,7,27,1,31,55,18,4,6,5,5,2,1,0,0,0,0,0,0,0,0,0,3.03,2.66,0.46,2.76,3.84,
1,1595813518,2020,7,27,1,31,58,24,3,2,1,0,3,3,0,0,0,0,0,0,0,0,0,3.03,2.68,0.30,1.62,4.82,
1,1595813521,2020,7,27,1,32,1,9,4,5,2,1,1,1,0,0,0,0,0,0,0,0,0,3.03,2.70,0.36,1.15,2.21,
1,1595813524,2020,7,27,1,32,4,16,4,5,5,1,4,1,0,0,0,0,0,0,0,0,0,3.03,2.71,0.40,2.69,3.74,
1,1595813527,2020,7,27,1,32,7,14,3,4,3,0,2,1,0,0,0,0,0,0,0,0,0,3.03,2.73,0.32,1.41,2.45,
1,1595813530,2020,7,27,1,32,10,19,1,6,6,4,1,1,0,0,0,0,0,0,0,0,0,3.03,2.74,0.40,2.15,3.19,
1,1595813533,2020,7,27,1,32,13,17,7,3,0,2,2,0,0,0,0,0,0,0,0,0,0,3.03,2.75,0.36,1.54,1.54,
1,1595813536,2020,7,27,1,32,16,11,4,4,3,2,3,2,0,0,0,0,0,0,0,0,0,3.03,2.76,0.32,2.17,4.25,
1,1595813539,2020,7,27,1,32,19,12,6,5,3,0,4,1,1,0,0,0,0,0,0,0,0,3.03,2.79,0.40,2.25,5.93,
1,1595813542,2020,7,27,1,32,22,11,5,4,3,2,1,1,0,0,0,0,0,0,0,0,0,3.03,2.81,0.33,1.37,2.39,
1,1595813545,2020,7,27,1,32,25,20,6,7,3,2,3,0,0,1,0,0,0,0,0,0,0,3.03,2.83,0.52,2.33,7.87,
1,1595813548,2020,7,27,1,32,28,12,8,3,0,0,1,1,1,0,0,0,0,0,0,0,0,3.03,2.87,0.34,0.72,4.30,
1,1595813552,2020,7,27,1,32,32,16,5,0,1,5,1,1,0,0,0,0,0,0,0,0,0,3.03,2.89,0.18,1.56,2.55,
1,1595813555,2020,7,27,1,32,35,18,6,7,5,3,4,0,0,0,0,0,0,0,0,0,0,3.03,2.94,0.49,2.97,2.97,
1,1595813558,2020,7,27,1,32,38,4,3,4,0,1,1,0,0,0,0,0,0,0,0,0,0,3.03,2.93,0.24,0.79,0.79,
1,1595813561,2020,7,27,1,32,41,14,4,3,3,1,0,1,0,0,0,0,0,0,0,0,0,3.03,2.94,0.27,0.72,1.69,
1,1595813564,2020,7,27,1,32,44,17,1,2,2,1,1,1,0,0,0,0,0,0,0,0,0,3.03,2.95,0.20,0.92,1.90,
1,1595813567,2020,7,27,1,32,47,15,5,5,2,1,3,0,0,0,0,0,0,0,0,0,0,3.03,2.94,0.38,1.85,1.85,
1,1595813570,2020,7,27,1,32,50,15,4,4,1,1,2,0,2,0,1,0,0,0,0,0,0,3.03,2.94,0.32,1.33,17.56,
1,1595813573,2020,7,27,1,32,53,21,1,3,2,0,2,2,1,0,0,0,0,0,0,0,0,3.03,2.94,0.26,1.18,5.65,
1,1595813576,2020,7,27,1,32,56,17,6,3,2,2,1,0,0,0,0,0,0,0,0,0,0,3.03,2.96,0.32,1.22,1.22,
1,1595813579,2020,7,27,1,32,59,22,2,1,3,0,0,1,1,1,0,0,0,0,0,0,0,3.03,2.94,0.20,0.47,9.31,
1,1595815259,2020,7,27,2,0,59,0,0,0,0,0,0,0,0,0,0,0,0,0,0,0,0,2.85,4.25,0.00,0.00,0.00,
1,1595815280,2020,7,27,2,1,20,13,6,1,1,0,0,0,2,0,0,0,0,0,0,0,0,3.00,2.51,0.26,0.36,6.32,
1,1595815283,2020,7,27,2,1,23,10,5,4,4,3,0,0,0,0,0,0,0,0,0,0,0,3.03,2.57,0.35,1.37,1.37,
1,1595815286,2020,7,27,2,1,26,16,3,3,0,0,3,0,0,0,0,0,0,0,0,0,0,3.03,2.57,0.31,1.58,1.58,
1,1595815289,2020,7,27,2,1,29,20,1,4,6,3,3,1,0,1,0,0,0,0,0,0,0,3.03,2.57,0.34,2.84,10.07,
1,1595815292,2020,7,27,2,1,32,10,4,5,4,0,0,0,1,0,0,0,0,0,0,0,0,3.03,2.61,0.37,0.78,3.61,
1,1595815295,2020,7,27,2,1,35,14,4,8,2,1,4,1,0,0,0,0,0,0,0,0,0,3.03,2.60,0.54,2.62,3.72,
1,1595815298,2020,7,27,2,1,38,15,4,7,4,2,2,0,0,0,0,0,0,0,0,0,0,3.03,2.60,0.50,2.15,2.15,
1,1595815301,2020,7,27,2,1,41,21,2,3,4,3,4,1,1,0,0,0,0,0,0,0,0,3.03,2.60,0.32,3.01,6.97,
1,1595815304,2020,7,27,2,1,44,22,4,1,8,2,5,2,1,0,0,0,0,0,0,0,0,3.03,2.61,0.26,3.57,8.60,
1,1595815307,2020,7,27,2,1,47,13,3,5,4,1,6,0,0,0,0,0,0,0,0,0,0,3.03,2.60,0.38,3.51,3.51,
1,1595815310,2020,7,27,2,1,50,8,4,2,0,1,1,0,0,0,0,0,0,0,0,0,0,3.03,2.64,0.22,0.83,0.83,
1,1595815313,2020,7,27,2,1,53,13,5,1,2,1,2,2,0,0,0,0,0,0,0,0,0,3.03,2.66,0.22,1.44,3.59,
1,1595815316,2020,7,27,2,1,56,18,2,3,7,3,4,1,0,1,0,0,1,0,0,0,0,3.03,2.67,0.29,3.20,57.28,
1,1595815320,2020,7,27,2,2,0,15,6,10,2,0,0,3,0,0,0,0,0,0,0,0,0,3.03,2.66,0.67,0.86,4.10,
1,1595815323,2020,7,27,2,2,3,19,9,4,2,4,2,0,0,0,0,0,0,0,0,0,0,3.03,2.68,0.47,2.27,2.27,
1,1595815326,2020,7,27,2,2,6,25,5,6,2,0,0,1,0,0,0,1,0,0,0,0,0,3.03,2.71,0.52,0.71,26.04,
1,1595815329,2020,7,27,2,2,9,9,6,2,1,1,3,0,1,0,0,0,0,0,0,0,0,3.03,2.74,0.25,1.74,4.45,
1,1595815332,2020,7,27,2,2,12,15,1,0,4,0,3,0,0,0,0,0,0,0,0,0,0,3.03,2.72,0.11,1.70,1.70,
1,1595815335,2020,7,27,2,2,15,18,7,7,4,2,0,0,0,0,0,0,0,0,0,0,0,3.03,2.76,0.54,1.31,1.31,
1,1595815338,2020,7,27,2,2,18,20,7,4,2,1,1,1,0,0,0,0,0,0,0,0,0,3.03,2.78,0.42,1.20,2.23,
1,1595815341,2020,7,27,2,2,21,20,3,6,1,1,5,2,1,0,0,0,0,0,0,0,0,3.03,2.79,0.44,2.68,7.40,
1,1595815344,2020,7,27,2,2,24,13,1,5,1,1,3,1,0,1,0,0,0,0,0,0,0,3.03,2.80,0.31,1.77,8.41,
1,1595815347,2020,7,27,2,2,27,15,9,6,2,1,2,1,0,0,0,0,0,0,0,0,0,3.03,2.83,0.51,1.65,2.67,
1,1595815350,2020,7,27,2,2,30,26,6,3,7,1,5,2,0,0,0,0,0,0,0,0,0,3.03,2.84,0.39,3.14,5.15,
1,1595815353,2020,7,27,2,2,33,20,4,4,4,1,1,1,0,0,0,0,0,0,0,0,0,3.03,2.81,0.36,1.31,2.33,
1,1595815356,2020,7,27,2,2,36,15,10,0,5,2,2,3,0,0,0,0,0,0,0,0,0,3.03,2.86,0.26,1.86,4.86,
1,1595815359,2020,7,27,2,2,39,19,3,6,0,0,4,1,0,0,0,0,0,0,0,0,0,3.03,2.87,0.42,1.95,2.94,
1,1595815362,2020,7,27,2,2,42,13,2,7,3,3,2,0,0,0,0,0,0,0,0,0,0,3.03,2.86,0.41,2.00,2.00,
1,1595815365,2020,7,27,2,2,45,14,3,6,5,3,2,0,0,0,0,0,0,0,0,0,0,3.03,2.84,0.39,2.18,2.18,
1,1595815368,2020,7,27,2,2,48,7,3,2,2,5,3,0,0,0,0,0,0,0,0,0,0,3.03,2.84,0.18,2.45,2.45,
1,1595815371,2020,7,27,2,2,51,25,4,6,0,3,2,1,0,0,0,0,0,0,0,0,0,3.03,2.85,0.47,1.79,2.80,
1,1595815374,2020,7,27,2,2,54,12,5,6,0,4,7,3,0,0,0,0,0,0,0,0,0,3.03,2.87,0.41,3.82,6.82,
1,1595815377,2020,7,27,2,2,57,21,8,3,4,2,3,0,0,0,0,0,0,0,0,0,0,3.03,2.89,0.39,2.25,2.25,
1,1595817057,2020,7,27,2,30,57,0,0,0,0,0,0,0,0,0,0,0,0,0,0,0,0,3.07,4.25,0.00,0.00,0.00,
1,1595817072,2020,7,27,2,31,12,18,3,5,4,0,1,1,2,0,0,0,0,0,0,0,0,3.00,2.51,0.43,1.29,8.40,
1,1595817078,2020,7,27,2,31,18,10,5,5,2,2,1,2,0,0,0,0,0,0,0,0,0,3.00,2.53,0.41,1.48,3.76,
1,1595817081,2020,7,27,2,31,21,10,4,3,2,0,0,0,0,0,0,0,0,0,0,0,0,3.03,2.52,0.29,0.50,0.50,
1,1595817084,2020,7,27,2,31,24,14,2,2,3,2,0,1,0,0,0,0,0,0,0,0,0,3.03,2.52,0.23,0.96,2.09,
1,1595817087,2020,7,27,2,31,27,19,2,1,1,1,0,0,0,0,0,0,0,0,0,0,0,3.03,2.53,0.21,0.53,0.53,
1,1595817090,2020,7,27,2,31,30,19,5,4,2,2,2,0,0,0,0,0,0,0,0,0,0,3.03,2.52,0.42,1.91,1.91,
1,1595817093,2020,7,27,2,31,33,13,5,5,2,1,2,0,0,0,0,0,0,0,0,0,0,3.03,2.52,0.43,1.71,1.71,
1,1595817096,2020,7,27,2,31,36,9,3,4,2,0,1,0,2,0,0,0,0,0,0,0,0,3.03,2.53,0.31,0.95,6.80,
1,1595817100,2020,7,27,2,31,40,14,4,4,6,0,1,1,0,0,0,0,0,0,0,0,0,3.03,2.57,0.36,1.40,2.51,
1,1595817103,2020,7,27,2,31,43,8,6,3,3,3,1,5,0,0,0,0,0,0,0,0,0,3.03,2.56,0.31,1.66,7.25,
1,1595817106,2020,7,27,2,31,46,8,2,3,1,0,0,0,0,0,0,0,0,0,0,0,0,3.03,2.55,0.23,0.34,0.34,
1,1595817109,2020,7,27,2,31,49,16,6,1,2,1,2,0,0,0,0,0,0,0,0,0,0,3.03,2.57,0.27,1.53,1.53,
1,1595817112,2020,7,27,2,31,52,21,2,3,2,5,3,0,0,0,0,0,0,0,0,0,0,3.03,2.58,0.32,2.81,2.81,
1,1595817115,2020,7,27,2,31,55,15,5,1,4,1,0,0,0,0,1,0,0,0,0,0,0,3.03,2.58,0.24,0.85,13.59,
1,1595817118,2020,7,27,2,31,58,13,8,4,0,0,2,2,0,0,0,0,0,0,0,0,0,3.03,2.61,0.42,1.26,3.46,
1,1595817121,2020,7,27,2,32,1,21,4,4,3,2,2,1,0,0,0,0,0,0,0,0,0,3.03,2.63,0.39,1.93,3.02,
1,1595817124,2020,7,27,2,32,4,16,8,5,3,5,1,4,1,0,0,0,0,0,0,0,0,3.03,2.65,0.48,2.18,9.30,
1,1595817127,2020,7,27,2,32,7,17,3,6,5,3,1,1,1,0,0,0,0,0,0,0,0,3.03,2.65,0.44,1.94,5.82,
1,1595817130,2020,7,27,2,32,10,8,6,8,3,3,6,1,1,0,0,0,0,0,0,0,0,3.03,2.70,0.52,3.83,7.64,
1,1595817133,2020,7,27,2,32,13,16,3,9,4,2,4,1,1,0,0,0,0,0,0,0,0,3.03,2.72,0.56,2.94,6.71,
1,1595817136,2020,7,27,2,32,16,18,9,1,3,2,3,2,2,0,0,0,0,0,0,0,0,3.03,2.76,0.32,2.17,9.62,
1,1595817139,2020,7,27,2,32,19,24,4,6,2,1,4,2,1,0,0,0,0,0,0,0,0,3.03,2.77,0.48,2.44,7.18,
1,1595817142,2020,7,27,2,32,22,23,11,3,3,3,1,1,0,0,0,0,0,0,0,0,0,3.03,2.81,0.46,1.70,2.72,
1,1595817145,2020,7,27,2,32,25,20,4,3,4,1,0,1,1,0,0,0,0,0,0,0,0,3.03,2.83,0.32,0.88,4.50,
1,1595817148,2020,7,27,2,32,28,22,6,11,2,2,4,1,0,0,0,0,0,0,0,0,0,3.03,2.83,0.71,2.81,3.82,
1,1595817151,2020,7,27,2,32,31,13,3,1,3,1,1,0,0,0,0,0,0,0,0,0,0,3.03,2.84,0.17,1.02,1.02,
1,1595817154,2020,7,27,2,32,34,14,4,3,6,1,0,2,1,1,0,0,0,0,0,0,0,3.03,2.86,0.28,1.02,11.12,
1,1595817157,2020,7,27,2,32,37,15,7,5,5,4,2,2,1,0,0,0,0,0,0,0,0,3.03,2.89,0.42,2.36,6.90,
1,1595817160,2020,7,27,2,32,40,24,6,4,2,3,5,0,1,0,0,0,0,0,0,0,0,3.03,2.94,0.40,2.98,5.49,
1,1595817163,2020,7,27,2,32,43,23,4,5,2,0,2,1,1,1,0,0,0,0,0,0,0,3.03,2.92,0.41,1.34,10.23,
1,1595817166,2020,7,27,2,32,46,17,6,3,7,0,5,1,1,1,0,0,0,0,0,0,0,3.03,2.95,0.32,2.80,11.60,
1,1595817170,2020,7,27,2,32,50,12,2,3,3,0,4,2,0,0,0,0,0,0,0,0,0,3.03,2.97,0.22,1.96,3.89,
1,1595817173,2020,7,27,2,32,53,16,6,5,3,0,2,0,0,0,0,0,0,0,0,0,0,3.03,2.98,0.39,1.39,1.39,
1,1595817176,2020,7,27,2,32,56,23,4,6,5,2,4,1,0,0,0,0,0,0,0,0,0,3.03,2.96,0.44,2.72,3.69,
1,1595817179,2020,7,27,2,32,59,23,5,5,4,3,5,1,0,0,0,0,0,0,0,0,0,3.03,2.96,0.42,3.16,4.13,
1,1595818850,2020,7,27,3,0,50,0,0,0,0,0,0,0,0,0,0,0,0,0,0,0,0,2.80,4.25,0.00,0.00,0.00,
1,1595818877,2020,7,27,3,1,17,23,4,5,3,1,1,3,0,1,0,0,0,0,0,0,0,3.00,2.53,0.48,1.44,11.16,
1,1595818880,2020,7,27,3,1,20,14,5,3,4,3,2,0,0,0,0,0,0,0,0,0,0,3.03,2.51,0.34,2.25,2.25,
1,1595818883,2020,7,27,3,1,23,20,2,3,2,0,3,1,0,0,0,0,0,0,0,0,0,3.03,2.52,0.32,1.83,2.96,
1,1595818886,2020,7,27,3,1,26,11,2,4,2,1,2,0,0,0,0,0,0,0,0,0,0,3.03,2.50,0.31,1.60,1.60,
1,1595818889,2020,7,27,3,1,29,12,4,4,3,1,2,2,2,0,0,0,0,0,0,0,0,3.03,2.52,0.35,1.74,9.89,
1,1595818892,2020,7,27,3,1,32,16,1,3,1,2,3,0,0,0,0,0,0,0,0,0,0,3.03,2.53,0.27,2.09,2.09,
1,1595818895,2020,7,27,3,1,35,28,3,4,2,1,3,1,0,0,0,0,0,0,0,0,0,3.03,2.55,0.43,2.13,3.25,
1,1595818899,2020,7,27,3,1,39,34,4,7,5,1,2,2,0,0,0,0,0,0,0,0,0,3.03,2.59,0.63,2.18,4.40,
1,1595818902,2020,7,27,3,1,42,20,10,4,5,0,1,1,0,0,0,0,0,0,0,0,0,3.03,2.65,0.50,1.41,2.49,
1,1595818905,2020,7,27,3,1,45,19,2,2,0,1,1,0,1,0,0,0,0,0,0,0,0,3.03,2.65,0.25,0.86,3.65,
1,1595818908,2020,7,27,3,1,48,19,4,4,2,1,1,1,0,0,0,0,0,0,0,0,0,3.03,2.66,0.38,1.19,2.26,
1,1595818911,2020,7,27,3,1,51,17,6,6,2,2,1,3,0,0,0,0,0,0,0,0,0,3.03,2.69,0.49,1.48,4.68,
1,1595818914,2020,7,27,3,1,54,24,5,5,4,3,2,1,0,1,0,0,0,0,0,0,0,3.03,2.71,0.47,2.25,9.12,
1,1595818917,2020,7,27,3,1,57,28,5,2,3,0,3,2,0,0,0,0,0,0,0,0,0,3.03,2.72,0.35,1.85,3.96,
1,1595818920,2020,7,27,3,2,0,13,4,5,2,0,1,0,0,0,0,0,0,0,0,0,0,3.03,2.72,0.38,0.97,0.97,
1,1595818923,2020,7,27,3,2,3,20,4,3,3,1,4,0,1,1,0,0,0,0,0,0,0,3.03,2.70,0.33,2.44,11.00,
1,1595818926,2020,7,27,3,2,6,18,4,5,1,1,4,0,2,0,0,0,0,0,0,0,0,3.03,2.70,0.41,2.32,7.80,
1,1595818929,2020,7,27,3,2,9,24,5,3,2,1,0,1,0,0,0,0,0,0,0,0,0,3.03,2.73,0.37,0.76,1.81,
1,1595818932,2020,7,27,3,2,12,14,5,3,0,0,2,1,0,0,0,0,0,0,0,0,0,3.03,2.73,0.31,1.11,2.16,
1,1595818935,2020,7,27,3,2,15,22,2,4,2,1,3,0,0,0,0,0,0,0,0,0,0,3.03,2.72,0.35,1.94,1.94,
1,1595818938,2020,7,27,3,2,18,17,2,6,2,2,4,2,0,1,0,0,0,0,0,0,0,3.03,2.72,0.41,2.60,10.50,
1,1595818941,2020,7,27,3,2,21,28,2,2,0,1,2,0,0,0,0,0,0,0,0,0,0,3.03,2.73,0.30,1.29,1.29,
1,1595818944,2020,7,27,3,2,24,17,3,1,3,0,1,0,2,0,0,0,0,0,0,0,0,3.03,2.74,0.20,0.89,6.29,
1,1595818947,2020,7,27,3,2,27,27,2,3,1,0,2,0,0,1,0,0,0,0,0,0,0,3.03,2.76,0.33,1.22,6.92,
1,1595818950,2020,7,27,3,2,30,20,3,2,0,0,1,1,1,0,0,0,0,0,0,0,0,3.03,2.78,0.26,0.66,4.35,
1,1595818953,2020,7,27,3,2,33,17,4,4,2,3,1,1,0,0,0,0,0,0,0,0,0,3.03,2.80,0.35,1.49,2.51,
1,1595818956,2020,7,27,3,2,36,17,3,5,3,1,0,0,0,0,0,0,0,0,0,0,0,3.03,2.82,0.37,0.84,0.84,
1,1595818959,2020,7,27,3,2,39,17,7,2,3,1,1,0,0,1,0,0,0,0,0,0,0,3.03,2.83,0.31,1.16,6.73,
1,1595818962,2020,7,27,3,2,42,21,2,7,1,2,2,1,0,0,1,0,0,0,0,0,0,3.03,2.84,0.46,1.69,14.28,
1,1595818966,2020,7,27,3,2,46,29,9,6,3,3,2,1,0,0,0,0,0,0,0,0,0,3.03,2.86,0.58,2.17,3.17,
1,1595818969,2020,7,27,3,2,49,22,8,4,3,3,3,1,0,0,0,0,0,0,0,0,0,3.03,2.86,0.44,2.41,3.41,
1,1595818972,2020,7,27,3,2,52,23,4,4,2,3,3,2,1,1,0,0,0,0,0,0,0,3.03,2.88,0.37,2.25,12.29,
1,1595818975,2020,7,27,3,2,55,22,4,5,4,3,3,0,1,0,0,0,0,0,0,0,0,3.03,2.90,0.41,2.44,4.99,
1,1595818978,2020,7,27,3,2,58,12,13,5,2,2,0,0,0,0,0,0,0,0,0,0,0,3.03,2.91,0.50,1.04,1.04,
1,1595820657,2020,7,27,3,30,57,0,0,0,0,0,0,0,0,0,0,0,0,0,0,0,0,2.38,4.25,0.00,0.00,0.00,
1,1595820706,2020,7,27,3,31,46,23,4,9,3,4,1,3,0,0,0,0,0,0,0,0,0,3.00,2.50,0.68,2.29,5.75,
1,1595820709,2020,7,27,3,31,49,28,6,6,6,2,3,2,0,0,0,0,0,0,0,0,0,3.03,2.52,0.60,2.94,5.22,
1,1595820712,2020,7,27,3,31,52,30,11,1,1,0,4,1,0,0,0,0,0,0,0,0,0,3.03,2.50,0.47,2.32,3.47,
1,1595820715,2020,7,27,3,31,55,16,4,1,1,1,4,1,0,0,0,0,0,0,0,0,0,3.03,2.52,0.23,2.28,3.42,
1,1595820718,2020,7,27,3,31,58,26,7,2,3,4,1,3,0,1,0,0,0,0,0,0,0,3.03,2.55,0.40,1.97,11.51,
1,1595820721,2020,7,27,3,32,1,25,3,3,1,0,4,2,0,0,0,1,0,0,0,0,0,3.03,2.57,0.36,2.17,30.02,
1,1595820724,2020,7,27,3,32,4,18,6,2,3,2,2,0,0,0,0,0,0,0,0,0,0,3.03,2.59,0.33,1.88,1.88,
1,1595820727,2020,7,27,3,32,7,29,5,4,4,3,0,4,0,0,0,0,0,0,0,0,0,3.03,2.61,0.47,1.47,5.85,
1,1595820730,2020,7,27,3,32,10,19,7,4,2,1,5,1,1,1,0,0,0,0,0,0,0,3.03,2.64,0.44,2.91,12.78,
1,1595820733,2020,7,27,3,32,13,25,4,4,0,0,4,1,0,0,0,0,0,0,0,0,0,3.03,2.66,0.42,2.06,3.14,
1,1595820736,2020,7,27,3,32,16,10,6,4,3,1,2,1,0,0,0,0,0,0,0,0,0,3.03,2.70,0.35,1.65,2.72,
1,1595820739,2020,7,27,3,32,19,15,7,3,1,1,2,1,1,1,0,0,0,0,0,0,0,3.03,2.73,0.35,1.45,10.98,
1,1595820742,2020,7,27,3,32,22,27,8,3,3,2,1,1,0,0,0,0,0,0,0,0,0,3.03,2.76,0.44,1.50,2.54,
1,1595820745,2020,7,27,3,32,25,24,7,1,3,3,2,0,0,0,0,0,0,0,0,0,0,3.03,2.80,0.31,1.94,1.94,
1,1595820748,2020,7,27,3,32,28,32,7,2,2,3,2,2,0,1,0,0,0,0,0,0,0,3.03,2.77,0.41,1.96,9.70,
1,1595820751,2020,7,27,3,32,31,33,2,4,3,3,3,1,2,1,0,0,0,0,0,0,0,3.03,2.79,0.41,2.44,14.44,
1,1595820754,2020,7,27,3,32,34,17,6,4,4,2,2,2,1,0,0,0,0,0,0,0,0,3.03,2.82,0.38,1.90,6.55,
1,1595820757,2020,7,27,3,32,37,38,8,5,2,3,3,3,2,0,0,0,0,0,0,0,0,3.03,2.82,0.58,2.49,10.78,
1,1595820760,2020,7,27,3,32,40,34,5,2,2,0,2,0,2,0,0,0,0,0,0,0,0,3.03,2.85,0.37,1.32,6.52,
1,1595820763,2020,7,27,3,32,43,28,3,4,3,3,2,2,0,0,0,0,0,0,0,0,0,3.03,2.86,0.39,1.98,3.98,
1,1595820766,2020,7,27,3,32,46,32,3,3,2,2,4,1,0,0,0,0,0,1,0,0,0,3.03,2.88,0.37,2.43,3.43,
1,1595820769,2020,7,27,3,32,49,24,0,1,3,1,1,1,0,0,0,0,0,0,0,0,0,3.03,2.88,0.18,1.02,2.01,
1,1595820772,2020,7,27,3,32,52,36,1,3,4,3,2,4,2,0,0,0,0,0,0,0,0,3.03,2.89,0.35,2.02,11.13,
1,1595820776,2020,7,27,3,32,56,32,11,4,4,1,4,1,0,0,0,0,0,0,0,0,0,3.03,2.89,0.54,2.60,3.59,
1,1595820779,2020,7,27,3,32,59,22,5,5,0,3,3,3,0,0,0,0,0,0,0,0,0,3.03,2.86,0.43,2.13,5.14,
1,1595822458,2020,7,27,4,0,58,0,0,0,0,0,0,0,0,0,0,0,0,0,0,0,0,3.07,4.25,0.00,0.00,0.00,
1,1595822488,2020,7,27,4,1,28,30,8,6,1,1,1,0,0,0,1,0,0,0,0,0,0,3.00,2.53,0.65,1.40,14.52,
1,1595822491,2020,7,27,4,1,31,31,1,3,0,5,2,0,0,0,0,0,0,0,0,0,0,3.03,2.52,0.37,2.28,2.28,
1,1595822494,2020,7,27,4,1,34,28,6,3,2,0,1,4,0,1,1,0,0,1,0,0,0,3.03,2.53,0.45,1.09,24.83,
1,1595822497,2020,7,27,4,1,37,45,5,3,1,0,3,4,2,0,1,0,0,0,0,0,0,3.03,2.55,0.54,1.93,25.12,
1,1595822500,2020,7,27,4,1,40,39,6,5,3,2,4,0,0,0,0,0,0,0,0,0,0,3.03,2.56,0.61,3.04,3.04,
1,1595822503,2020,7,27,4,1,43,33,6,1,1,2,3,0,0,0,0,0,1,0,0,0,0,3.03,2.61,0.37,2.14,50.42,
1,1595822506,2020,7,27,4,1,46,45,5,3,4,1,0,1,1,0,0,0,0,0,0,0,0,3.03,2.63,0.52,1.12,5.03,
1,1595822509,2020,7,27,4,1,49,41,7,3,1,2,2,0,1,0,1,0,0,0,0,0,0,3.03,2.61,0.54,1.88,17.31,
1,1595822512,2020,7,27,4,1,52,35,0,5,3,2,5,1,0,0,0,0,0,0,0,0,0,3.03,2.61,0.46,3.26,4.36,
1,1595822515,2020,7,27,4,1,55,40,5,4,3,1,1,1,0,0,0,0,0,0,0,0,0,3.03,2.62,0.54,1.46,2.55,
1,1595822518,2020,7,27,4,1,58,45,3,2,2,2,5,0,0,0,0,0,0,0,0,0,0,3.03,2.63,0.44,3.11,3.11,
1,1595822521,2020,7,27,4,2,1,35,5,6,5,2,4,1,0,0,0,0,0,0,0,0,0,3.03,2.63,0.60,3.16,4.25,
1,1595822524,2020,7,27,4,2,4,35,7,8,2,2,4,2,1,0,0,0,0,0,0,0,0,3.03,2.61,0.73,3.02,8.05,
1,1595822528,2020,7,27,4,2,8,30,6,9,2,2,4,3,0,0,0,0,0,0,0,0,0,3.03,2.65,0.72,2.96,6.21,
1,1595822531,2020,7,27,4,2,11,28,10,2,5,0,4,0,0,0,0,0,0,0,0,0,0,3.03,2.66,0.45,2.59,2.59,
1,1595822534,2020,7,27,4,2,14,51,4,1,3,1,2,2,0,0,0,0,0,0,0,0,0,3.03,2.68,0.44,1.74,3.88,
1,1595822537,2020,7,27,4,2,17,37,2,6,2,0,1,2,1,0,0,0,0,0,0,0,0,3.03,2.70,0.54,1.14,6.01,
1,1595822540,2020,7,27,4,2,20,20,0,6,4,0,1,2,0,0,0,0,0,0,0,0,0,3.03,2.70,0.40,1.19,3.31,
1,1595822543,2020,7,27,4,2,23,32,4,0,2,2,0,1,0,0,0,0,0,0,0,0,0,3.03,2.72,0.27,0.85,1.91,
1,1595822546,2020,7,27,4,2,26,35,6,5,3,2,4,1,1,2,0,0,0,0,0,0,0,3.03,2.71,0.55,2.84,18.24,
1,1595822549,2020,7,27,4,2,29,37,5,2,4,4,4,1,0,0,0,0,0,0,0,0,0,3.03,2.75,0.41,3.14,4.19,
1,1595822552,2020,7,27,4,2,32,50,3,2,2,1,1,0,0,2,0,0,0,0,0,0,0,3.03,2.76,0.45,1.23,12.65,
1,1595822555,2020,7,27,4,2,35,35,3,3,8,5,2,0,0,0,0,0,0,0,0,0,0,3.03,2.75,0.40,2.92,2.92,
1,1595822558,2020,7,27,4,2,38,36,6,5,3,2,1,3,0,1,0,0,0,0,0,0,0,3.03,2.76,0.55,1.61,10.44,
1,1595822561,2020,7,27,4,2,41,30,2,5,6,1,2,2,0,0,0,0,0,0,0,0,0,3.03,2.77,0.44,1.99,4.05,
1,1595822564,2020,7,27,4,2,44,42,5,6,3,2,3,2,1,0,0,0,0,0,0,0,0,3.03,2.80,0.60,2.43,7.11,
1,1595822567,2020,7,27,4,2,47,32,4,2,3,1,1,1,1,0,0,0,0,0,0,0,0,3.03,2.82,0.35,1.20,4.83,
1,1595822570,2020,7,27,4,2,50,31,3,5,8,0,3,3,0,0,0,0,0,0,0,0,0,3.03,2.83,0.45,2.35,5.38,
1,1595822573,2020,7,27,4,2,53,28,5,1,3,3,1,1,3,0,0,0,0,0,0,0,0,3.03,2.86,0.29,1.51,10.29,
1,1595822576,2020,7,27,4,2,56,30,3,8,5,1,2,1,0,1,0,0,0,0,0,0,0,3.03,2.84,0.57,1.99,8.55,
1,1595822579,2020,7,27,4,2,59,47,6,2,2,0,3,1,0,1,0,0,0,0,0,0,0,3.03,2.87,0.46,1.79,8.27,
1,1595824258,2020,7,27,4,30,58,0,0,0,0,0,0,0,0,0,0,0,0,0,0,0,0,2.90,4.25,0.00,0.00,0.00,
1,1595824304,2020,7,27,4,31,44,50,6,3,6,1,3,2,0,0,0,0,0,0,0,0,0,3.00,2.54,0.60,2.74,5.02,
1,1595824307,2020,7,27,4,31,47,45,8,2,3,2,8,1,0,0,0,0,0,0,0,0,0,3.03,2.59,0.54,4.63,5.74,
1,1595824310,2020,7,27,4,31,50,58,5,5,6,1,4,1,0,0,0,0,0,0,0,0,0,3.03,2.62,0.70,3.18,4.27,
1,1595824313,2020,7,27,4,31,53,54,3,4,3,3,1,1,0,0,0,0,0,0,0,0,0,3.03,2.63,0.59,1.90,2.99,
1,1595824316,2020,7,27,4,31,56,54,3,1,3,2,3,4,1,1,0,0,0,0,0,0,0,3.03,2.62,0.45,2.40,15.59,
1,1595824319,2020,7,27,4,31,59,49,10,5,3,1,1,3,1,0,0,0,0,0,0,0,0,3.03,2.68,0.72,1.62,7.59,
1,1595824322,2020,7,27,4,32,2,51,8,3,4,1,2,1,0,0,0,0,0,0,0,0,0,3.03,2.72,0.59,1.98,3.03,
1,1595824325,2020,7,27,4,32,5,50,9,6,1,0,4,0,0,1,0,0,0,0,0,0,0,3.03,2.72,0.74,2.45,8.25,
1,1595824328,2020,7,27,4,32,8,50,4,4,1,3,2,0,1,0,0,0,0,0,0,0,0,3.03,2.74,0.56,2.03,4.72,
1,1595824331,2020,7,27,4,32,11,60,4,2,1,0,2,2,1,0,0,0,0,0,0,0,0,3.03,2.76,0.53,1.41,6.17,
1,1595824334,2020,7,27,4,32,14,52,16,4,5,2,1,0,1,0,0,0,0,0,0,0,0,3.03,2.76,0.78,2.04,4.72,
1,1595824337,2020,7,27,4,32,17,62,2,2,4,2,1,2,0,0,0,0,0,0,0,0,0,3.03,2.75,0.50,1.66,3.74,
1,1595824340,2020,7,27,4,32,20,43,5,8,1,2,5,0,0,0,0,0,0,0,0,0,0,3.03,2.77,0.70,3.16,3.16,
1,1595824343,2020,7,27,4,32,23,43,10,2,3,4,3,0,0,0,0,0,0,0,0,0,0,3.03,2.75,0.53,2.78,2.78,
1,1595824346,2020,7,27,4,32,26,58,8,4,2,1,5,2,0,0,0,0,0,0,0,0,0,3.03,2.79,0.67,3.00,5.05,
1,1595824349,2020,7,27,4,32,29,67,8,8,1,1,4,0,0,1,1,0,0,0,0,0,0,3.03,2.84,0.88,2.70,19.80,
1,1595824352,2020,7,27,4,32,32,73,9,7,3,0,4,1,0,0,0,0,0,0,0,0,0,3.03,2.88,0.88,2.67,3.67,
1,1595824355,2020,7,27,4,32,35,42,7,8,4,4,1,2,0,0,0,0,0,0,0,0,0,3.03,2.89,0.70,2.17,4.15,
1,1595824358,2020,7,27,4,32,38,56,5,4,2,1,7,6,1,0,0,0,0,0,0,0,0,3.03,2.91,0.58,3.57,12.02,
1,1595824361,2020,7,27,4,32,41,43,3,4,3,0,2,1,2,0,0,0,0,0,0,0,0,3.03,2.92,0.47,1.49,7.55,
1,1595824364,2020,7,27,4,32,44,64,8,4,3,4,2,2,0,1,0,0,0,0,0,0,0,3.03,2.94,0.67,2.39,9.69,
1,1595824367,2020,7,27,4,32,47,48,6,5,2,2,2,2,0,0,0,0,0,0,0,0,0,3.03,2.93,0.58,1.87,3.82,
1,1595824371,2020,7,27,4,32,51,40,6,1,3,0,0,2,2,0,0,0,0,0,0,0,0,3.03,2.93,0.37,0.64,7.64,
1,1595824374,2020,7,27,4,32,54,52,6,3,1,1,1,6,0,0,0,0,0,0,0,0,0,3.03,2.92,0.53,1.17,7.05,
1,1595824377,2020,7,27,4,32,57,66,2,3,1,4,4,2,0,0,0,0,0,0,0,0,0,3.03,2.91,0.54,2.86,4.83,
1,1595826056,2020,7,27,5,0,56,0,0,0,0,0,0,0,0,0,0,0,0,0,0,0,0,1.88,4.25,0.00,0.00,0.00,
1,1595826110,2020,7,27,5,1,50,32,3,2,2,1,2,3,1,0,0,0,0,0,0,0,0,3.00,2.50,0.38,1.68,8.13,
1,1595826113,2020,7,27,5,1,53,32,6,3,4,2,1,3,0,1,1,0,0,0,0,0,0,3.03,2.51,0.48,1.75,24.55,
1,1595826116,2020,7,27,5,1,56,57,4,1,4,1,4,2,0,0,0,0,0,0,0,0,0,3.03,2.53,0.50,2.85,5.11,
1,1595826119,2020,7,27,5,1,59,41,7,4,1,0,1,2,0,0,1,0,0,0,0,0,0,3.03,2.54,0.60,1.13,16.30,
1,1595826122,2020,7,27,5,2,2,38,6,4,4,0,4,3,0,0,0,0,0,0,0,0,0,3.03,2.55,0.56,2.68,6.05,
1,1595826125,2020,7,27,5,2,5,43,4,4,3,0,3,6,1,0,0,0,0,0,0,0,0,3.03,2.55,0.55,2.15,11.82,
1,1595826128,2020,7,27,5,2,8,36,3,2,4,0,4,3,1,0,0,0,0,0,0,0,0,3.03,2.54,0.39,2.53,8.82,
1,1595826131,2020,7,27,5,2,11,31,5,2,2,1,2,0,0,0,0,0,0,0,0,0,0,3.03,2.56,0.40,1.66,1.66,
1,1595826134,2020,7,27,5,2,14,40,5,1,1,1,7,1,1,0,0,0,0,0,0,0,0,3.03,2.59,0.40,3.67,7.63,
1,1595826137,2020,7,27,5,2,17,36,4,5,3,0,2,4,0,0,0,0,0,0,0,0,0,3.03,2.61,0.54,1.68,6.08,
1,1595826140,2020,7,27,5,2,20,44,5,3,3,2,4,3,0,0,0,0,0,0,0,0,0,3.03,2.62,0.52,2.89,6.18,
1,1595826143,2020,7,27,5,2,23,53,9,5,5,4,2,4,1,1,1,0,0,0,0,0,0,3.03,2.62,0.74,2.88,28.60,
1,1595826146,2020,7,27,5,2,26,45,3,7,4,0,0,0,1,1,0,0,0,0,0,0,0,3.03,2.63,0.67,1.07,9.87,
1,1595826149,2020,7,27,5,2,29,41,3,0,2,2,1,2,1,1,0,0,0,0,0,0,0,3.03,2.64,0.32,1.33,12.27,
1,1595826153,2020,7,27,5,2,33,41,8,4,3,1,1,2,0,0,0,0,0,0,0,0,0,3.03,2.68,0.59,1.49,3.63,
1,1595826156,2020,7,27,5,2,36,50,6,5,2,1,1,1,0,1,0,0,0,0,0,0,0,3.03,2.69,0.65,1.45,8.36,
1,1595826159,2020,7,27,5,2,39,58,6,5,3,3,6,3,1,0,0,0,0,0,0,0,0,3.03,2.74,0.69,3.95,9.80,
1,1595826162,2020,7,27,5,2,42,36,4,9,3,4,7,3,0,0,0,0,0,0,0,0,0,3.03,2.75,0.69,4.53,7.66,
1,1595826165,2020,7,27,5,2,45,40,7,7,2,0,3,2,3,0,1,0,0,0,0,0,0,3.03,2.77,0.67,2.05,23.95,
1,1595826168,2020,7,27,5,2,48,40,9,4,4,4,3,2,1,1,0,0,0,0,0,0,0,3.03,2.83,0.57,2.84,13.03,
1,1595826171,2020,7,27,5,2,51,43,5,5,0,0,4,2,0,1,0,0,0,0,0,0,0,3.03,2.85,0.55,2.09,9.61,
1,1595826174,2020,7,27,5,2,54,31,4,3,0,1,1,2,0,0,1,0,0,0,0,0,0,3.03,2.83,0.38,0.96,14.60,
1,1595826177,2020,7,27,5,2,57,51,5,3,1,1,5,1,0,0,0,0,0,0,0,0,0,3.03,2.84,0.52,2.72,3.73,
1,1595827856,2020,7,27,5,30,56,0,0,0,0,0,0,0,0,0,0,0,0,0,0,0,0,1.72,4.25,0.00,0.00,0.00,
1,1595827919,2020,7,27,5,31,59,27,8,0,4,1,1,4,1,0,1,0,0,0,0,0,0,3.00,2.50,0.34,1.42,22.28,
1,1595827922,2020,7,27,5,32,2,18,3,3,2,2,1,2,1,0,0,0,0,0,0,0,0,3.03,2.50,0.33,1.39,6.64,
1,1595827925,2020,7,27,5,32,5,19,7,1,1,3,2,1,0,0,0,0,0,0,0,0,0,3.03,2.53,0.31,1.91,3.04,
1,1595827929,2020,7,27,5,32,9,31,0,4,1,1,4,3,0,0,0,0,0,0,0,0,0,3.03,2.53,0.40,2.44,5.84,
1,1595827932,2020,7,27,5,32,12,30,4,3,4,3,4,1,1,0,1,0,0,0,0,0,0,3.03,2.55,0.42,3.17,20.08,
1,1595827935,2020,7,27,5,32,15,27,3,4,3,5,5,5,0,0,0,0,0,0,0,0,0,3.03,2.55,0.43,3.92,9.54,
1,1595827938,2020,7,27,5,32,18,15,3,4,5,1,0,2,1,0,0,0,0,0,0,0,0,3.03,2.55,0.35,1.07,6.21,
1,1595827941,2020,7,27,5,32,21,29,5,5,3,0,7,3,0,0,0,1,0,0,0,0,0,3.03,2.59,0.52,3.78,32.53,
1,1595827944,2020,7,27,5,32,24,23,3,4,3,2,0,4,3,0,0,0,0,0,0,0,0,3.03,2.60,0.39,1.10,14.08,
1,1595827947,2020,7,27,5,32,27,27,4,5,1,1,6,4,1,1,0,0,0,0,0,0,0,3.03,2.59,0.49,3.32,16.66,
1,1595827950,2020,7,27,5,32,30,19,2,5,2,1,2,2,0,0,0,0,0,0,0,0,0,3.03,2.59,0.40,1.65,3.86,
1,1595827953,2020,7,27,5,32,33,28,5,6,2,1,1,3,2,0,0,0,0,0,0,0,0,3.03,2.63,0.55,1.37,10.28,
1,1595827956,2020,7,27,5,32,36,23,5,5,4,2,2,8,0,0,0,0,0,0,0,0,0,3.03,2.62,0.47,2.11,10.83,
1,1595827959,2020,7,27,5,32,39,27,5,3,3,3,3,1,1,0,0,0,0,0,0,0,0,3.03,2.62,0.41,2.56,6.48,
1,1595827962,2020,7,27,5,32,42,23,5,2,0,7,2,2,0,0,0,0,0,0,0,0,0,3.03,2.63,0.33,2.56,4.74,
1,1595827965,2020,7,27,5,32,45,27,2,7,4,3,6,4,1,1,0,0,0,0,0,0,0,3.03,2.64,0.53,4.01,17.10,
1,1595827968,2020,7,27,5,32,48,17,4,3,4,1,0,3,1,0,0,0,0,0,0,0,0,3.03,2.65,0.32,0.92,6.95,
1,1595827971,2020,7,27,5,32,51,17,1,4,2,5,6,3,0,0,1,0,0,0,0,0,0,3.03,2.66,0.31,3.96,19.53,
1,1595827974,2020,7,27,5,32,54,29,4,4,4,0,5,2,0,0,0,0,0,0,0,0,0,3.03,2.69,0.44,2.86,4.99,
1,1595827977,2020,7,27,5,32,57,23,6,2,3,0,1,2,0,0,0,0,0,0,0,0,0,3.03,2.72,0.34,1.03,3.14,
1,1595829656,2020,7,27,6,0,56,0,0,0,0,0,0,0,0,0,0,0,0,0,0,0,0,1.79,4.25,0.00,0.00,0.00,
1,1595829659,2020,7,27,6,0,59,3,0,2,1,0,2,0,0,0,0,0,0,0,0,0,0,3.03,4.25,0.07,0.65,0.65,
1,1595829717,2020,7,27,6,1,57,15,4,4,3,0,2,2,0,0,0,0,0,0,0,0,0,3.00,2.52,0.38,1.57,3.87,
1,1595829720,2020,7,27,6,2,0,18,6,5,3,2,2,2,0,0,0,0,0,0,0,0,0,3.03,2.54,0.48,2.06,4.31,
1,1595829723,2020,7,27,6,2,3,14,8,1,2,1,2,1,0,0,0,0,0,0,0,0,0,3.03,2.55,0.30,1.57,2.69,
1,1595829726,2020,7,27,6,2,6,19,0,2,2,4,3,1,0,0,0,0,0,0,0,0,0,3.03,2.55,0.22,2.54,3.67,
1,1595829729,2020,7,27,6,2,9,12,3,4,1,0,5,1,0,0,0,0,0,0,0,0,0,3.03,2.54,0.33,2.59,3.71,
1,1595829732,2020,7,27,6,2,12,20,3,3,0,1,3,3,0,0,1,0,0,0,0,0,0,3.03,2.52,0.34,1.85,18.29,
1,1595829735,2020,7,27,6,2,15,21,2,7,3,2,2,0,1,0,0,0,0,0,0,0,0,3.03,2.53,0.52,2.11,5.04,
1,1595829738,2020,7,27,6,2,18,23,2,0,4,0,1,3,0,0,0,0,0,0,0,0,0,3.03,2.54,0.19,1.04,4.42,
1,1595829741,2020,7,27,6,2,21,23,4,4,2,1,2,1,2,0,0,0,0,0,0,0,0,3.03,2.54,0.42,1.70,8.65,
1,1595829744,2020,7,27,6,2,24,21,2,6,3,4,2,3,0,0,0,0,0,0,0,0,0,3.03,2.55,0.46,2.46,5.83,
1,1595829747,2020,7,27,6,2,27,19,4,4,1,2,4,1,0,0,0,0,0,0,0,0,0,3.03,2.57,0.39,2.61,3.72,
1,1595829750,2020,7,27,6,2,30,21,3,3,1,1,0,0,0,0,0,0,0,0,0,0,0,3.03,2.60,0.33,0.64,0.64,
1,1595829753,2020,7,27,6,2,33,15,1,2,1,2,1,1,0,0,0,0,0,0,0,0,0,3.03,2.57,0.21,1.15,2.26,
1,1595829756,2020,7,27,6,2,36,16,3,2,5,3,3,1,1,0,0,0,0,0,0,0,0,3.03,2.58,0.26,2.65,6.63,
1,1595829759,2020,7,27,6,2,39,10,3,5,4,3,2,1,1,0,0,0,0,0,0,0,0,3.03,2.58,0.36,2.23,6.21,
1,1595829762,2020,7,27,6,2,42,17,1,4,3,2,2,2,0,0,1,0,0,0,0,0,0,3.03,2.58,0.32,1.88,16.84,
1,1595829765,2020,7,27,6,2,45,20,6,8,2,1,5,0,0,0,1,0,0,0,0,0,0,3.03,2.58,0.62,3.15,15.85,
1,1595829769,2020,7,27,6,2,49,18,2,6,2,0,0,2,0,0,0,0,0,0,0,0,0,3.03,2.58,0.44,0.64,2.86,
1,1595829772,2020,7,27,6,2,52,16,3,6,1,0,3,1,0,0,0,0,0,0,0,0,0,3.03,2.60,0.44,1.80,2.90,
1,1595829775,2020,7,27,6,2,55,22,4,2,4,0,2,2,0,0,0,0,0,0,0,0,0,3.03,2.60,0.31,1.56,3.76,
1,1595829778,2020,7,27,6,2,58,21,4,0,3,2,3,2,1,0,0,0,0,0,0,0,0,3.03,2.60,0.21,2.19,7.25,
1,1595831457,2020,7,27,6,30,57,0,0,0,0,0,0,0,0,0,0,0,0,0,0,0,0,1.74,4.25,0.00,0.00,0.00,
1,1595831460,2020,7,27,6,31,0,15,0,3,1,3,2,2,0,0,0,0,0,0,0,0,0,3.03,4.25,0.15,1.09,2.44,
1,1595831508,2020,7,27,6,31,48,23,1,3,2,1,6,1,0,2,1,0,0,0,0,0,0,3.00,2.51,0.32,3.38,30.36,
1,1595831511,2020,7,27,6,31,51,24,3,1,2,0,4,3,0,1,1,0,0,0,0,0,0,3.03,2.52,0.27,2.21,24.82,
1,1595831514,2020,7,27,6,31,54,22,4,3,3,1,4,4,0,0,0,0,0,0,0,0,0,3.03,2.55,0.37,2.60,7.10,
1,1595831517,2020,7,27,6,31,57,26,2,1,3,1,3,0,1,0,1,0,0,0,0,0,0,3.03,2.54,0.26,2.07,17.92,
1,1595831520,2020,7,27,6,32,0,27,4,3,3,2,2,3,0,0,0,0,0,0,0,0,0,3.03,2.55,0.40,1.98,5.35,
1,1595831523,2020,7,27,6,32,3,33,5,1,1,0,4,10,1,0,0,0,0,0,0,0,0,3.03,2.57,0.36,2.16,16.18,
1,1595831526,2020,7,27,6,32,6,37,1,4,2,3,2,4,1,0,0,0,0,0,0,0,0,3.03,2.58,0.45,2.11,9.43,
1,1595831529,2020,7,27,6,32,9,32,1,3,0,1,1,1,2,0,0,1,0,0,0,0,0,3.03,2.58,0.37,1.00,33.33,
1,1595831532,2020,7,27,6,32,12,29,3,6,7,4,4,3,3,0,0,0,0,0,0,0,0,3.03,2.60,0.53,3.72,15.57,
1,1595831535,2020,7,27,6,32,15,17,6,3,1,5,1,1,0,0,0,0,0,0,0,0,0,3.03,2.61,0.36,1.90,2.99,
1,1595831539,2020,7,27,6,32,19,28,3,4,1,1,7,2,0,0,0,0,0,0,0,0,0,3.03,2.62,0.42,3.64,5.82,
1,1595831542,2020,7,27,6,32,22,29,1,3,3,1,2,2,0,0,0,0,0,0,0,0,0,3.03,2.63,0.34,1.68,3.86,
1,1595831545,2020,7,27,6,32,25,30,2,2,7,1,3,3,0,1,0,0,0,0,0,0,0,3.03,2.64,0.32,2.46,11.68,
1,1595831548,2020,7,27,6,32,28,38,6,5,3,3,2,2,1,0,0,0,0,0,0,0,0,3.03,2.65,0.58,2.30,7.25,
1,1595831551,2020,7,27,6,32,31,28,5,3,4,3,2,1,0,0,1,0,0,0,0,0,0,3.03,2.68,0.40,2.20,15.53,
1,1595831554,2020,7,27,6,32,34,32,5,4,2,5,3,2,2,1,1,0,0,0,0,0,0,3.03,2.65,0.48,2.91,28.97,
1,1595831557,2020,7,27,6,32,37,35,3,2,3,0,4,4,0,0,1,0,0,0,0,0,0,3.03,2.66,0.37,2.31,18.99,
1,1595831560,2020,7,27,6,32,40,28,6,5,2,1,2,1,0,0,0,0,0,0,0,0,0,3.03,2.63,0.52,1.75,2.84,
1,1595831563,2020,7,27,6,32,43,25,2,1,1,2,3,2,0,0,0,0,0,0,0,0,0,3.03,2.63,0.24,1.99,4.18,
1,1595831566,2020,7,27,6,32,46,27,3,5,1,3,5,1,0,0,0,0,0,0,0,0,0,3.03,2.65,0.46,3.21,4.29,
1,1595831569,2020,7,27,6,32,49,17,4,6,2,2,2,2,0,0,0,0,0,0,0,0,0,3.03,2.67,0.46,1.87,4.02,
1,1595831572,2020,7,27,6,32,52,23,2,0,0,1,0,0,0,0,0,0,0,0,0,0,0,3.03,2.68,0.18,0.38,0.38,
1,1595831575,2020,7,27,6,32,55,28,2,1,4,0,3,2,0,0,0,0,0,0,0,0,0,3.03,2.70,0.26,1.86,3.99,
1,1595831578,2020,7,27,6,32,58,27,1,2,2,1,2,0,0,1,0,0,1,0,0,0,0,3.03,2.71,0.28,1.47,53.77,
1,1595833257,2020,7,27,7,0,57,0,0,0,0,0,0,0,0,0,0,0,0,0,0,0,0,3.06,4.25,0.00,0.00,0.00,
1,1595833281,2020,7,27,7,1,21,19,1,1,1,0,0,0,1,0,0,0,0,0,0,0,0,3.00,2.51,0.20,0.30,3.28,
1,1595833284,2020,7,27,7,1,24,26,3,0,3,0,1,0,0,0,0,0,0,0,0,0,0,3.03,2.57,0.23,0.96,0.96,
1,1595833287,2020,7,27,7,1,27,13,4,1,4,0,4,3,1,0,0,0,0,0,0,0,0,3.03,2.57,0.21,2.32,8.55,
1,1595833312,2020,7,27,7,1,52,34,2,2,1,1,2,7,1,0,0,0,0,0,0,0,0,3.00,2.50,0.37,1.57,12.63,
1,1595833318,2020,7,27,7,1,58,33,2,0,1,2,1,2,0,0,0,0,0,0,0,0,0,3.00,2.52,0.26,1.22,3.51,
1,1595833321,2020,7,27,7,2,1,22,3,4,3,2,0,2,1,0,0,0,0,0,0,0,0,3.03,2.51,0.40,1.13,6.36,
1,1595833324,2020,7,27,7,2,4,21,2,0,1,2,2,1,0,0,0,0,0,0,0,0,0,3.03,2.54,0.18,1.56,2.68,
1,1595833327,2020,7,27,7,2,7,28,0,3,2,3,3,0,0,0,0,0,0,0,0,0,0,3.03,2.54,0.33,2.45,2.45,
1,1595833330,2020,7,27,7,2,10,17,2,2,0,1,2,2,0,1,0,0,0,0,0,0,0,3.03,2.55,0.25,1.31,9.72,
1,1595833333,2020,7,27,7,2,13,19,7,1,5,1,1,1,1,0,0,0,0,0,0,0,0,3.03,2.62,0.30,1.42,5.34,
1,1595833336,2020,7,27,7,2,16,18,3,1,1,1,3,2,0,0,0,0,0,0,0,0,0,3.03,2.63,0.22,1.77,3.95,
1,1595833339,2020,7,27,7,2,19,21,3,1,3,1,2,1,0,0,0,0,0,0,0,0,0,3.03,2.65,0.24,1.56,2.64,
1,1595833342,2020,7,27,7,2,22,34,4,3,4,2,4,0,1,0,0,0,0,1,0,0,0,3.03,2.66,0.43,2.87,5.65,
1,1595833345,2020,7,27,7,2,25,35,3,2,2,1,0,2,1,0,0,0,0,0,0,0,0,3.03,2.67,0.37,0.76,5.69,
1,1595833348,2020,7,27,7,2,28,34,3,0,2,0,1,3,0,0,0,1,0,0,0,0,0,3.03,2.66,0.27,0.88,28.89,
1,1595833351,2020,7,27,7,2,31,26,1,5,3,1,1,1,0,0,0,0,0,0,0,0,0,3.03,2.66,0.41,1.32,2.39,
1,1595833354,2020,7,27,7,2,34,27,4,1,1,3,1,0,0,0,0,0,0,0,0,0,0,3.03,2.67,0.29,1.39,1.39,
1,1595833357,2020,7,27,7,2,37,41,5,4,9,3,1,2,0,0,0,0,0,0,0,0,0,3.03,2.71,0.53,2.39,4.50,
1,1595833360,2020,7,27,7,2,40,21,3,0,2,2,2,2,0,0,0,0,0,0,0,0,0,3.03,2.73,0.18,1.56,3.66,
1,1595833363,2020,7,27,7,2,43,41,5,3,4,1,1,2,0,1,0,0,0,0,0,0,0,3.03,2.71,0.48,1.47,9.39,
1,1595833366,2020,7,27,7,2,46,34,4,2,4,0,0,1,0,0,0,0,0,0,0,0,0,3.03,2.72,0.37,0.76,1.81,
1,1595833369,2020,7,27,7,2,49,35,3,1,2,3,1,2,0,0,0,0,1,0,0,0,0,3.03,2.73,0.31,1.48,49.64,
1,1595833372,2020,7,27,7,2,52,42,5,0,3,0,1,2,0,1,0,0,0,0,0,0,0,3.03,2.77,0.34,1.02,8.76,
1,1595833375,2020,7,27,7,2,55,25,6,3,0,0,1,3,0,0,0,0,0,0,0,0,0,3.03,2.82,0.38,0.77,3.82,
1,1595833379,2020,7,27,7,2,59,33,4,1,3,0,2,3,1,0,0,1,0,0,0,0,0,3.03,2.83,0.31,1.36,30.25,
1,1595835058,2020,7,27,7,30,58,0,0,0,0,0,0,0,0,0,0,0,0,0,0,0,0,3.07,4.25,0.00,0.00,0.00,
1,1595835076,2020,7,27,7,31,16,47,4,2,6,2,5,2,0,1,0,0,0,0,0,0,0,3.00,2.51,0.49,3.75,12.37,
1,1595835082,2020,7,27,7,31,22,48,4,0,4,1,3,1,1,0,0,0,0,0,0,0,0,3.00,2.55,0.40,2.32,6.37,
1,1595835085,2020,7,27,7,31,25,50,4,5,5,1,2,3,0,0,0,0,0,0,0,0,0,3.03,2.54,0.65,2.24,5.62,
1,1595835088,2020,7,27,7,31,28,51,3,2,3,0,2,3,0,0,0,0,0,0,0,0,0,3.03,2.53,0.49,1.67,5.06,
1,1595835097,2020,7,27,7,31,37,49,3,3,2,3,3,2,2,0,0,0,0,0,0,0,0,3.00,2.50,0.54,2.71,10.98,
1,1595835100,2020,7,27,7,31,40,48,2,2,2,2,0,1,3,0,0,0,0,0,0,0,0,3.03,2.53,0.46,1.08,11.01,
1,1595835103,2020,7,27,7,31,43,52,4,7,2,4,4,1,1,0,0,0,0,0,0,0,0,3.03,2.55,0.75,3.49,7.51,
1,1595835106,2020,7,27,7,31,46,43,6,3,0,0,2,5,1,0,0,0,0,0,0,0,0,3.03,2.51,0.55,1.42,10.08,
1,1595835112,2020,7,27,7,31,52,44,5,4,2,1,4,5,0,0,0,0,0,0,0,0,0,3.00,2.51,0.59,2.77,8.51,
1,1595835115,2020,7,27,7,31,55,30,5,2,2,0,1,1,0,0,0,0,0,0,0,0,0,3.03,2.53,0.39,1.03,2.17,
1,1595835118,2020,7,27,7,31,58,46,5,2,4,2,3,0,0,0,0,0,0,0,0,0,0,3.03,2.56,0.49,2.60,2.60,
1,1595835121,2020,7,27,7,32,1,45,5,4,3,3,6,3,0,0,1,0,0,0,0,0,0,3.03,2.56,0.58,4.07,20.26,
1,1595835124,2020,7,27,7,32,4,49,7,3,2,4,2,2,0,0,0,0,0,0,0,0,0,3.03,2.59,0.59,2.46,4.67,
1,1595835127,2020,7,27,7,32,7,54,4,4,3,5,5,1,0,0,1,0,0,0,0,0,0,3.03,2.60,0.61,4.03,17.73,
1,1595835131,2020,7,27,7,32,11,47,9,4,3,2,2,3,0,0,0,0,0,0,0,0,0,3.03,2.64,0.65,2.18,5.43,
1,1595835134,2020,7,27,7,32,14,43,8,4,2,1,4,5,0,0,0,0,0,0,0,0,0,3.03,2.71,0.59,2.59,7.87,
1,1595835137,2020,7,27,7,32,17,58,3,3,2,3,2,2,1,0,0,0,0,0,0,0,0,3.03,2.71,0.55,2.14,6.99,
1,1595835140,2020,7,27,7,32,20,32,5,3,2,1,4,2,1,0,0,0,0,0,0,0,0,3.03,2.71,0.42,2.43,7.27,
1,1595835143,2020,7,27,7,32,23,39,6,5,4,6,4,2,0,0,0,0,0,0,0,0,0,3.03,2.74,0.57,3.71,5.80,
1,1595835146,2020,7,27,7,32,26,48,12,3,4,0,5,0,0,1,0,0,0,0,0,0,0,3.03,2.75,0.64,3.01,8.73,
1,1595835149,2020,7,27,7,32,29,41,4,1,2,0,3,6,0,0,0,0,0,0,0,0,0,3.03,2.78,0.36,1.73,7.92,
1,1595835152,2020,7,27,7,32,32,39,1,5,1,1,2,3,0,0,0,0,0,0,0,0,0,3.03,2.78,0.47,1.54,4.63,
1,1595835155,2020,7,27,7,32,35,28,9,4,5,4,2,4,1,0,1,0,0,0,1,0,0,3.03,2.82,0.50,2.49,20.86,
1,1595835158,2020,7,27,7,32,38,46,3,1,1,3,7,5,1,0,0,0,0,0,0,0,0,3.03,2.84,0.37,3.71,11.35,
1,1595835161,2020,7,27,7,32,41,42,6,2,2,4,4,4,0,0,0,0,0,0,0,0,0,3.03,2.87,0.43,2.87,6.86,
1,1595835164,2020,7,27,7,32,44,57,8,5,5,1,2,4,2,0,0,0,0,0,0,0,0,3.03,2.90,0.68,2.06,11.11,
1,1595835167,2020,7,27,7,32,47,39,2,3,2,2,1,4,0,0,0,0,0,0,0,0,0,3.03,2.92,0.38,1.30,5.23,
1,1595835170,2020,7,27,7,32,50,31,5,3,4,4,2,6,0,0,0,0,0,0,0,0,0,3.03,2.94,0.39,2.20,8.05,
1,1595835173,2020,7,27,7,32,53,32,3,8,2,1,0,0,0,0,0,0,0,0,0,0,0,3.03,2.94,0.57,0.92,0.92,
1,1595835176,2020,7,27,7,32,56,34,4,6,2,1,4,2,0,1,0,0,0,0,0,0,0,3.03,2.95,0.51,2.35,9.62,
1,1595835179,2020,7,27,7,32,59,47,7,3,2,0,7,2,0,0,0,0,0,0,0,0,0,3.03,2.99,0.50,3.24,5.16,
1,1595836854,2020,7,27,8,0,54,0,0,0,0,0,0,0,0,0,0,0,0,0,0,0,0,2.90,4.25,0.00,0.00,0.00,
1,1595836897,2020,7,27,8,1,37,29,3,3,3,2,2,2,0,0,0,0,0,0,0,0,0,3.00,2.51,0.40,2.02,4.32,
1,1595836900,2020,7,27,8,1,40,20,5,5,6,1,4,3,0,0,0,0,0,0,0,0,0,3.03,2.54,0.47,3.02,6.41,
1,1595836903,2020,7,27,8,1,43,20,3,3,1,3,1,3,0,0,0,0,0,0,0,0,0,3.03,2.55,0.33,1.48,4.85,
1,1595836906,2020,7,27,8,1,46,33,2,5,5,0,6,4,0,0,0,0,0,0,0,0,0,3.03,2.57,0.49,3.55,8.00,
1,1595836909,2020,7,27,8,1,49,28,0,5,2,1,6,3,1,0,0,0,0,0,0,0,0,3.03,2.57,0.42,3.38,9.59,
1,1595836912,2020,7,27,8,1,52,31,1,1,3,2,2,3,0,1,0,0,0,0,0,0,0,3.03,2.58,0.27,1.83,11.26,
1,1595836915,2020,7,27,8,1,55,22,2,4,4,4,0,3,0,0,0,0,0,0,0,0,0,3.03,2.59,0.37,1.59,4.90,
1,1595836918,2020,7,27,8,1,58,28,7,1,5,1,2,0,0,0,0,0,0,0,0,0,0,3.03,2.61,0.36,1.90,1.90,
1,1595836921,2020,7,27,8,2,1,36,2,8,7,2,0,1,0,0,0,0,0,0,0,0,0,3.03,2.59,0.65,1.76,2.86,
1,1595836924,2020,7,27,8,2,4,39,4,2,3,2,3,1,0,0,0,0,0,0,0,0,0,3.03,2.62,0.42,2.38,3.47,
1,1595836927,2020,7,27,8,2,7,19,5,2,1,1,3,0,1,0,0,0,0,0,0,0,0,3.03,2.63,0.31,1.85,4.67,
1,1595836930,2020,7,27,8,2,10,33,4,6,1,1,2,2,0,0,0,1,0,0,0,0,0,3.03,2.66,0.56,1.68,28.59,
1,1595836933,2020,7,27,8,2,13,37,2,4,1,4,3,1,0,0,0,0,0,0,0,0,0,3.03,2.65,0.46,2.58,3.66,
1,1595836936,2020,7,27,8,2,16,30,2,4,7,1,3,1,0,0,0,0,0,0,0,0,0,3.03,2.67,0.41,2.53,3.60,
1,1595836939,2020,7,27,8,2,19,35,6,3,5,0,1,1,1,0,0,0,0,0,0,0,0,3.03,2.70,0.46,1.35,5.16,
1,1595836942,2020,7,27,8,2,22,24,4,1,1,3,4,3,0,0,0,0,0,0,0,0,0,3.03,2.72,0.27,2.56,5.72,
1,1595836945,2020,7,27,8,2,25,31,4,2,2,1,4,2,0,0,0,0,0,0,0,0,0,3.03,2.75,0.35,2.33,4.41,
1,1595836948,2020,7,27,8,2,28,24,1,2,1,0,2,1,0,0,0,0,0,0,0,0,0,3.03,2.75,0.25,1.14,2.18,
1,1595836951,2020,7,27,8,2,31,33,3,2,3,1,2,1,1,0,0,0,0,0,0,0,0,3.03,2.76,0.34,1.61,5.34,
1,1595836955,2020,7,27,8,2,35,26,1,2,2,0,5,3,0,0,0,0,0,0,0,0,0,3.03,2.77,0.26,2.43,5.53,
1,1595836958,2020,7,27,8,2,38,22,5,7,2,2,2,2,0,0,0,0,0,0,0,0,0,3.03,2.74,0.54,1.91,4.01,
1,1595836961,2020,7,27,8,2,41,31,1,9,2,2,2,4,3,0,0,0,0,0,0,0,0,3.03,2.75,0.61,1.98,14.24,
1,1595836964,2020,7,27,8,2,44,20,4,0,3,0,1,1,0,0,0,0,0,0,0,0,0,3.03,2.77,0.19,0.87,1.90,
1,1595836967,2020,7,27,8,2,47,32,3,6,3,0,4,1,1,2,0,0,0,0,0,0,0,3.03,2.79,0.51,2.36,17.30,
1,1595836970,2020,7,27,8,2,50,25,7,4,3,2,4,2,0,0,0,0,0,0,0,0,0,3.03,2.83,0.44,2.64,4.67,
1,1595836973,2020,7,27,8,2,53,27,5,3,1,1,3,1,0,0,0,0,0,0,0,0,0,3.03,2.86,0.37,1.79,2.79,
1,1595836976,2020,7,27,8,2,56,31,4,5,5,1,6,4,1,0,0,0,0,0,0,0,0,3.03,2.89,0.46,3.36,9.89,
1,1595836979,2020,7,27,8,2,59,32,0,7,1,2,0,2,1,0,0,0,0,0,0,0,0,3.03,2.89,0.48,0.94,5.48,
1,1595838658,2020,7,27,8,30,58,0,0,0,0,0,0,0,0,0,0,0,0,0,0,0,0,2.76,4.25,0.00,0.00,0.00,
1,1595838661,2020,7,27,8,31,1,14,1,2,1,0,1,1,0,0,0,0,0,0,0,0,0,3.03,2.58,0.21,0.73,1.84,
1,1595838664,2020,7,27,8,31,4,6,1,0,0,0,1,0,0,0,0,0,0,0,0,0,0,3.03,2.58,0.06,0.48,0.48,
1,1595838673,2020,7,27,8,31,13,7,2,2,0,2,1,1,0,0,0,0,0,0,0,0,0,3.00,2.55,0.18,1.03,2.16,
1,1595838683,2020,7,27,8,31,23,13,3,3,1,0,1,1,0,0,0,0,0,0,0,0,0,3.00,2.53,0.29,0.83,1.98,
1,1595838686,2020,7,27,8,31,26,12,0,0,0,1,0,0,0,0,0,0,0,0,0,0,0,3.03,2.53,0.08,0.29,0.29,
1,1595838689,2020,7,27,8,31,29,15,1,0,0,1,0,2,0,0,0,0,0,0,0,0,0,3.03,2.51,0.12,0.33,2.61,
1,1595838695,2020,7,27,8,31,35,18,5,0,1,1,1,1,0,1,0,0,0,0,0,0,0,3.00,2.58,0.22,0.95,8.24,
1,1595838698,2020,7,27,8,31,38,10,3,0,0,0,2,1,0,0,0,0,0,0,0,0,0,3.03,2.59,0.12,0.96,2.07,
1,1595838701,2020,7,27,8,31,41,13,0,1,0,0,2,1,0,0,0,0,0,0,0,0,0,3.03,2.59,0.13,0.97,2.08,
1,1595838704,2020,7,27,8,31,44,15,2,2,1,0,2,0,0,0,0,0,0,0,0,0,0,3.03,2.62,0.23,1.16,1.16,
1,1595838707,2020,7,27,8,31,47,17,1,1,1,0,0,0,0,0,0,0,0,0,0,0,0,3.03,2.63,0.17,0.27,0.27,
1,1595838710,2020,7,27,8,31,50,18,0,0,1,0,1,1,0,0,0,0,0,0,0,0,0,3.03,2.63,0.12,0.63,1.72,
1,1595838713,2020,7,27,8,31,53,15,0,1,1,1,1,1,0,0,0,0,0,0,0,0,0,3.03,2.63,0.14,0.86,1.95,
1,1595838716,2020,7,27,8,31,56,14,3,1,1,2,0,0,0,0,0,0,0,0,0,0,0,3.03,2.63,0.19,0.69,0.69,
1,1595838719,2020,7,27,8,31,59,19,2,1,0,0,0,0,1,0,0,0,0,0,0,0,0,3.03,2.65,0.20,0.20,3.00,
1,1595838722,2020,7,27,8,32,2,21,1,0,1,1,0,0,0,0,0,0,0,0,0,0,0,3.03,2.66,0.15,0.45,0.45,
1,1595838725,2020,7,27,8,32,5,9,2,2,2,1,0,0,0,0,0,0,0,0,0,0,0,3.03,2.68,0.18,0.58,0.58,
1,1595838728,2020,7,27,8,32,8,12,3,1,1,0,0,1,0,0,0,0,0,0,0,0,0,3.03,2.69,0.18,0.27,1.34,
1,1595838731,2020,7,27,8,32,11,15,3,2,1,0,3,1,0,0,1,0,0,0,0,0,0,3.03,2.68,0.24,1.56,14.88,
1,1595838734,2020,7,27,8,32,14,14,1,2,1,1,2,0,0,1,0,0,0,0,0,0,0,3.03,2.69,0.20,1.30,7.14,
1,1595838737,2020,7,27,8,32,17,16,2,0,2,2,2,0,0,0,0,0,0,0,0,0,0,3.03,2.70,0.14,1.53,1.53,
1,1595838740,2020,7,27,8,32,20,14,3,1,2,1,0,1,1,0,0,0,0,0,0,0,0,3.03,2.72,0.19,0.57,4.35,
1,1595838743,2020,7,27,8,32,23,12,1,4,2,1,0,0,0,0,0,0,0,0,0,0,0,3.03,2.72,0.27,0.66,0.66,
1,1595838746,2020,7,27,8,32,26,14,2,1,1,1,1,0,0,0,0,0,0,0,0,0,0,3.03,2.72,0.17,0.86,0.86,
1,1595838749,2020,7,27,8,32,29,18,1,4,1,2,0,1,0,0,0,0,0,0,0,0,0,3.03,2.73,0.31,0.79,1.84,
1,1595838752,2020,7,27,8,32,32,9,4,2,0,0,1,1,0,0,0,0,0,0,0,0,0,3.03,2.72,0.22,0.62,1.68,
1,1595838756,2020,7,27,8,32,36,20,2,1,0,0,0,1,0,0,0,0,0,0,0,0,0,3.03,2.73,0.20,0.20,1.25,
1,1595838759,2020,7,27,8,32,39,18,3,0,3,0,0,1,0,0,0,0,0,0,0,0,0,3.03,2.74,0.16,0.45,1.50,
1,1595838762,2020,7,27,8,32,42,18,1,3,0,1,0,1,0,0,0,0,0,0,0,0,0,3.03,2.73,0.26,0.46,1.51,
1,1595838765,2020,7,27,8,32,45,17,2,1,1,2,0,1,0,0,0,0,0,0,0,0,0,3.03,2.73,0.19,0.67,1.72,
1,1595838768,2020,7,27,8,32,48,19,3,1,1,0,0,0,0,0,0,0,0,0,0,0,0,3.03,2.74,0.22,0.31,0.31,
1,1595838771,2020,7,27,8,32,51,18,2,1,1,1,2,0,0,0,0,0,0,0,0,0,0,3.03,2.76,0.19,1.27,1.27,
1,1595838774,2020,7,27,8,32,54,14,2,0,1,1,2,1,0,0,0,0,0,0,0,0,0,3.03,2.75,0.12,1.20,2.24,
1,1595838777,2020,7,27,8,32,57,20,3,3,2,1,0,1,0,0,0,0,0,0,0,0,0,3.03,2.78,0.31,0.68,1.71,
1,1595840456,2020,7,27,9,0,56,0,0,0,0,0,0,0,0,0,0,0,0,0,0,0,0,3.04,4.25,0.00,0.00,0.00,
1,1595840498,2020,7,27,9,1,38,44,9,6,6,1,7,1,0,0,0,0,0,0,0,0,0,3.00,2.56,0.76,4.61,5.74,
1,1595840502,2020,7,27,9,1,42,40,2,10,5,2,3,3,0,0,0,0,0,0,0,0,0,3.03,2.57,0.77,2.97,6.31,
1,1595840505,2020,7,27,9,1,45,33,2,4,3,0,3,2,0,0,0,0,0,0,0,0,0,3.03,2.59,0.44,2.01,4.23,
1,1595840508,2020,7,27,9,1,48,34,4,8,3,1,4,1,0,0,0,0,0,0,0,0,0,3.03,2.59,0.67,2.87,3.98,
1,1595840511,2020,7,27,9,1,51,25,5,12,5,3,5,0,0,0,0,0,0,0,0,0,0,3.03,2.63,0.81,3.99,3.99,
1,1595840514,2020,7,27,9,1,54,40,3,5,5,2,4,2,1,0,0,0,0,0,0,0,0,3.03,2.61,0.55,3.13,8.16,
1,1595840517,2020,7,27,9,1,57,42,4,7,3,1,6,1,0,0,0,0,0,0,0,0,0,3.03,2.63,0.67,3.65,4.74,
1,1595840520,2020,7,27,9,2,0,37,4,5,3,3,4,1,0,0,0,0,0,0,0,0,0,3.03,2.65,0.54,3.09,4.17,
1,1595840523,2020,7,27,9,2,3,40,12,3,8,4,3,0,0,1,0,0,0,0,0,0,0,3.03,2.67,0.61,3.41,9.30,
1,1595840526,2020,7,27,9,2,6,36,8,7,7,1,3,6,0,0,0,0,0,0,0,0,0,3.03,2.69,0.69,2.79,9.17,
1,1595840529,2020,7,27,9,2,9,39,6,5,2,3,4,3,1,0,0,0,0,0,0,0,0,3.03,2.69,0.58,2.99,8.94,
1,1595840532,2020,7,27,9,2,12,37,5,7,5,3,3,2,0,0,0,0,0,0,0,0,0,3.03,2.68,0.64,2.95,5.08,
1,1595840535,2020,7,27,9,2,15,52,5,7,4,2,6,1,2,0,0,0,0,0,0,0,0,3.03,2.72,0.72,3.90,10.38,
1,1595840538,2020,7,27,9,2,18,45,5,6,7,2,7,1,0,0,0,0,0,0,0,0,0,3.03,2.75,0.63,4.46,5.50,
1,1595840541,2020,7,27,9,2,21,44,3,2,7,2,10,1,1,0,0,0,0,0,0,0,0,3.03,2.77,0.41,5.41,9.12,
1,1595840544,2020,7,27,9,2,24,41,7,3,4,3,5,2,1,0,0,0,0,0,0,0,0,3.03,2.79,0.50,3.40,8.11,
1,1595840547,2020,7,27,9,2,27,47,7,4,5,5,6,2,0,0,0,0,0,0,0,0,0,3.03,2.81,0.58,4.31,6.35,
1,1595840550,2020,7,27,9,2,30,40,0,4,6,6,5,4,0,0,0,0,0,0,0,0,0,3.03,2.81,0.41,4.04,8.11,
1,1595840553,2020,7,27,9,2,33,45,4,4,8,1,4,1,1,0,1,0,0,0,0,0,0,3.03,2.82,0.51,2.99,18.25,
1,1595840556,2020,7,27,9,2,36,47,5,3,3,3,3,4,0,0,0,0,0,0,0,0,0,3.03,2.83,0.50,2.49,6.54,
1,1595840559,2020,7,27,9,2,39,47,6,6,4,4,4,2,1,0,0,0,0,0,0,0,0,3.03,2.86,0.64,3.27,7.87,
1,1595840562,2020,7,27,9,2,42,40,2,3,4,3,4,1,0,0,0,0,0,0,0,0,0,3.03,2.87,0.40,2.83,3.83,
1,1595840565,2020,7,27,9,2,45,51,4,8,4,0,4,3,0,0,0,0,0,0,0,0,0,3.03,2.87,0.71,2.60,5.59,
1,1595840568,2020,7,27,9,2,48,42,5,7,3,3,5,4,1,0,0,0,0,0,0,0,0,3.03,2.90,0.62,3.32,9.83,
1,1595840572,2020,7,27,9,2,52,46,5,5,1,1,2,5,0,0,0,0,0,0,0,0,0,3.03,2.89,0.56,1.59,6.54,
1,1595840575,2020,7,27,9,2,55,58,8,7,5,2,7,4,1,0,0,0,0,0,0,0,0,3.03,2.90,0.77,4.23,10.74,
1,1595840578,2020,7,27,9,2,58,48,6,7,4,1,4,1,0,0,0,0,0,0,0,0,0,3.03,2.93,0.67,2.70,3.68,
1,1595842257,2020,7,27,9,30,57,0,0,0,0,0,0,0,0,0,0,0,0,0,0,0,0,3.01,4.25,0.00,0.00,0.00,
1,1595842314,2020,7,27,9,31,54,30,3,3,8,2,3,3,0,0,1,0,0,0,0,0,0,3.00,2.53,0.41,2.97,19.49,
1,1595842317,2020,7,27,9,31,57,36,7,5,4,2,3,3,0,0,0,0,0,0,0,0,0,3.03,2.56,0.61,2.71,6.07,
1,1595842320,2020,7,27,9,32,0,32,3,8,5,1,4,5,2,0,0,0,0,0,0,0,0,3.03,2.57,0.65,3.06,14.38,
1,1595842323,2020,7,27,9,32,3,22,6,8,4,5,6,1,1,1,0,0,0,0,0,0,0,3.03,2.61,0.63,4.55,14.52,
1,1595842326,2020,7,27,9,32,6,34,6,5,2,0,3,5,0,0,0,0,0,1,0,0,0,3.03,2.62,0.56,2.02,7.48,
1,1595842330,2020,7,27,9,32,10,33,3,7,2,2,7,5,0,0,0,0,0,0,0,0,0,3.03,2.59,0.60,4.16,9.69,
1,1595842333,2020,7,27,9,32,13,33,9,4,3,1,4,6,0,0,0,0,0,0,0,0,0,3.03,2.62,0.57,2.74,9.29,
1,1595842336,2020,7,27,9,32,16,35,4,10,5,1,1,4,0,0,1,0,0,0,0,0,0,3.03,2.65,0.75,1.86,18.52,
1,1595842339,2020,7,27,9,32,19,39,5,4,4,1,0,3,1,0,0,0,0,0,0,0,0,3.03,2.66,0.52,1.12,7.13,
1,1595842342,2020,7,27,9,32,22,39,2,5,4,2,4,1,1,1,0,0,0,0,0,0,0,3.03,2.67,0.51,2.93,12.66,
1,1595842345,2020,7,27,9,32,25,32,9,6,4,2,5,2,1,1,0,1,0,0,0,0,0,3.03,2.72,0.63,3.42,38.28,
1,1595842348,2020,7,27,9,32,28,32,5,7,2,2,4,2,1,0,1,0,0,0,0,0,0,3.03,2.71,0.61,2.81,19.80,
1,1595842351,2020,7,27,9,32,31,25,3,0,5,4,3,3,0,2,0,0,0,0,0,0,0,3.03,2.70,0.21,2.69,17.50,
1,1595842354,2020,7,27,9,32,34,25,3,5,2,3,4,2,0,0,0,0,0,0,0,0,0,3.03,2.72,0.43,2.82,4.93,
1,1595842357,2020,7,27,9,32,37,32,3,4,1,2,3,2,0,0,1,1,0,0,0,0,0,3.03,2.71,0.43,2.13,40.65,
1,1595842360,2020,7,27,9,32,40,34,6,1,2,1,4,3,1,0,0,0,0,0,0,0,0,3.03,2.72,0.36,2.36,8.24,
1,1595842363,2020,7,27,9,32,43,31,5,6,4,2,3,3,1,1,0,0,0,0,0,0,0,3.03,2.74,0.55,2.51,14.08,
1,1595842366,2020,7,27,9,32,46,41,4,4,10,2,9,6,0,0,0,0,0,0,0,0,0,3.03,2.76,0.50,5.39,11.60,
1,1595842369,2020,7,27,9,32,49,29,4,4,7,8,1,5,1,0,0,0,0,0,0,0,0,3.03,2.79,0.42,2.98,10.77,
1,1595842372,2020,7,27,9,32,52,38,12,9,6,3,6,4,0,0,0,1,1,1,0,0,0,3.03,2.86,0.82,4.22,75.36,
1,1595842375,2020,7,27,9,32,55,34,4,6,1,2,1,1,1,1,1,0,0,0,0,0,0,3.03,2.88,0.52,1.36,21.80,
1,1595842378,2020,7,27,9,32,58,35,5,3,5,7,7,3,1,0,0,0,0,0,0,0,0,3.03,2.91,0.41,4.76,10.25,
1,1595844058,2020,7,27,10,0,58,0,0,0,0,0,0,0,0,0,0,0,0,0,0,0,0,1.74,4.25,0.00,0.00,0.00,
1,1595844091,2020,7,27,10,1,31,27,5,3,2,2,4,4,0,1,0,0,0,0,0,0,0,3.00,2.53,0.43,2.80,13.66,
1,1595844094,2020,7,27,10,1,34,26,7,6,1,2,4,1,0,0,0,0,0,0,0,0,0,3.03,2.56,0.59,2.81,3.93,
1,1595844097,2020,7,27,10,1,37,17,6,3,2,1,4,2,0,0,1,0,0,0,0,0,0,3.03,2.59,0.37,2.46,17.32,
1,1595844100,2020,7,27,10,1,40,25,5,5,6,1,4,5,2,1,1,1,0,0,0,0,0,3.03,2.57,0.50,3.01,58.77,
1,1595844103,2020,7,27,10,1,43,29,5,0,3,0,4,3,2,1,1,0,0,1,0,0,0,3.03,2.55,0.29,2.31,30.53,
1,1595844106,2020,7,27,10,1,46,27,5,3,2,4,2,5,1,1,0,1,1,0,0,0,0,3.03,2.55,0.42,2.31,92.32,
1,1595844109,2020,7,27,10,1,49,25,5,6,5,1,3,2,1,0,0,0,0,0,0,0,0,3.03,2.57,0.54,2.53,7.63,
1,1595844112,2020,7,27,10,1,52,24,1,3,8,2,2,6,1,3,0,1,1,0,0,0,0,3.03,2.58,0.32,2.39,104.53,
1,1595844115,2020,7,27,10,1,55,25,3,1,5,3,4,5,0,3,0,0,0,1,0,0,0,3.03,2.60,0.27,3.06,26.74,
1,1595844118,2020,7,27,10,1,58,28,1,5,4,0,4,5,1,0,1,2,0,0,0,0,0,3.03,2.61,0.43,2.51,73.96,
1,1595844121,2020,7,27,10,2,1,22,10,6,5,2,4,5,1,0,0,0,0,0,0,0,0,3.03,2.61,0.61,3.19,11.50,
1,1595844124,2020,7,27,10,2,4,19,2,5,4,1,6,2,1,0,0,0,0,0,0,0,0,3.03,2.61,0.39,3.51,8.55,
1,1595844127,2020,7,27,10,2,7,31,4,4,2,5,5,0,0,0,0,0,0,0,0,0,0,3.03,2.62,0.46,3.75,3.75,
1,1595844130,2020,7,27,10,2,10,25,3,5,5,2,2,4,2,1,1,0,0,0,0,0,0,3.03,2.65,0.44,2.16,30.38,
1,1595844133,2020,7,27,10,2,13,18,4,7,5,1,5,4,0,2,0,0,0,0,0,0,0,3.03,2.67,0.51,3.24,19.30,
1,1595844136,2020,7,27,10,2,16,37,7,6,3,4,4,2,0,0,0,0,0,0,0,0,0,3.03,2.69,0.63,3.33,5.46,
1,1595844140,2020,7,27,10,2,20,29,0,1,3,1,1,0,1,0,0,0,0,1,0,0,0,3.03,2.69,0.23,1.12,3.88,
1,1595844143,2020,7,27,10,2,23,29,5,3,4,2,4,3,0,1,0,1,1,0,0,0,0,3.03,2.67,0.41,2.83,83.54,
1,1595844146,2020,7,27,10,2,26,21,6,6,2,0,6,3,0,0,0,1,0,1,0,0,0,3.03,2.67,0.52,3.17,31.01,
1,1595844149,2020,7,27,10,2,29,24,1,2,6,2,0,2,0,0,0,0,0,0,0,0,0,3.03,2.68,0.26,1.24,3.38,
1,1595844152,2020,7,27,10,2,32,22,4,6,4,0,5,3,0,2,0,2,0,0,0,0,0,3.03,2.72,0.48,2.87,66.00,
1,1595844155,2020,7,27,10,2,35,25,1,3,1,3,3,3,0,1,0,0,1,0,0,0,0,3.03,2.72,0.31,2.19,57.53,
1,1595844158,2020,7,27,10,2,38,29,8,3,1,3,2,1,4,1,1,1,0,0,0,0,0,3.03,2.75,0.45,1.92,55.35,
1,1595844161,2020,7,27,10,2,41,25,5,3,1,2,4,2,1,0,0,0,0,0,0,0,0,3.03,2.76,0.37,2.43,7.18,
1,1595844164,2020,7,27,10,2,44,35,3,5,5,1,3,4,1,1,0,0,1,0,0,0,0,3.03,2.75,0.49,2.35,60.66,
1,1595844167,2020,7,27,10,2,47,33,3,1,3,2,1,1,0,0,0,0,0,0,0,0,0,3.03,2.77,0.30,1.36,2.39,
1,1595844170,2020,7,27,10,2,50,35,5,4,3,4,5,5,0,0,0,0,0,0,0,0,0,3.03,2.79,0.48,3.48,8.62,
1,1595844173,2020,7,27,10,2,53,37,2,7,8,3,4,2,0,0,2,1,0,0,0,0,0,3.03,2.81,0.56,3.43,52.31,
1,1595844176,2020,7,27,10,2,56,31,4,9,6,0,2,2,1,0,0,0,0,0,0,1,0,3.03,2.84,0.64,1.96,6.59,
1,1595844179,2020,7,27,10,2,59,31,4,4,5,1,5,3,0,0,0,0,0,0,0,0,0,3.03,2.87,0.42,2.97,5.97,
1,1595845859,2020,7,27,10,30,59,0,0,0,0,0,0,0,0,0,0,0,0,0,0,0,0,2.92,4.25,0.00,0.00,0.00,
1,1595845889,2020,7,27,10,31,29,9,1,1,1,1,0,0,0,0,0,0,0,0,0,0,0,3.00,2.51,0.13,0.45,0.45,
1,1595845892,2020,7,27,10,31,32,15,0,4,1,0,0,1,0,0,0,0,0,0,0,0,0,3.03,2.51,0.29,0.40,1.54,
1,1595845895,2020,7,27,10,31,35,6,0,1,0,0,0,0,0,0,0,0,0,0,0,0,0,3.03,2.51,0.09,0.09,0.09,
1,1595845898,2020,7,27,10,31,38,14,4,4,4,0,0,0,0,0,0,0,0,0,0,0,0,3.03,2.58,0.36,0.76,0.76,
1,1595845901,2020,7,27,10,31,41,12,4,3,1,0,0,0,0,0,0,0,0,0,0,0,0,3.03,2.64,0.29,0.39,0.39,
1,1595845904,2020,7,27,10,31,44,17,2,3,2,2,1,0,0,1,0,0,0,0,0,0,0,3.03,2.67,0.28,1.28,7.18,
1,1595845907,2020,7,27,10,31,47,14,4,2,1,0,1,1,0,0,0,0,0,0,0,0,0,3.03,2.71,0.25,0.75,1.81,
1,1595845910,2020,7,27,10,31,50,11,3,2,1,0,0,3,0,0,0,0,0,0,0,0,0,3.03,2.71,0.21,0.31,3.48,
1,1595845913,2020,7,27,10,31,53,7,3,1,1,2,4,2,0,0,2,0,0,0,0,0,0,3.03,2.70,0.14,2.25,28.72,
1,1595845916,2020,7,27,10,31,56,9,2,1,1,1,2,0,1,2,0,0,0,0,0,0,0,3.03,2.68,0.14,1.25,15.76,
1,1595845919,2020,7,27,10,31,59,13,3,2,1,0,2,0,0,1,1,0,1,0,0,0,0,3.03,2.66,0.23,1.15,66.75,
1,1595845922,2020,7,27,10,32,2,21,1,3,0,0,3,2,1,2,1,0,1,0,0,0,0,3.03,2.64,0.29,1.53,78.61,
1,1595845925,2020,7,27,10,32,5,16,4,2,0,1,1,2,0,0,0,0,0,0,0,0,0,3.03,2.63,0.27,0.89,3.06,
1,1595845928,2020,7,27,10,32,8,17,4,1,1,0,2,4,2,1,0,0,0,0,0,0,0,3.03,2.68,0.23,1.14,16.81,
1,1595845931,2020,7,27,10,32,11,10,2,3,3,0,2,2,0,0,0,1,0,0,0,0,0,3.03,2.67,0.24,1.35,28.11,
1,1595845934,2020,7,27,10,32,14,7,5,2,1,1,3,1,0,0,0,0,1,0,0,0,0,3.03,2.68,0.23,1.75,49.86,
1,1595845937,2020,7,27,10,32,17,13,1,1,0,0,1,0,0,0,0,0,0,0,0,0,0,3.03,2.68,0.15,0.55,0.55,
1,1595845941,2020,7,27,10,32,21,11,2,3,1,2,1,0,0,0,0,0,0,0,0,0,0,3.03,2.70,0.24,1.13,1.13,
1,1595845944,2020,7,27,10,32,24,18,4,4,2,5,3,3,0,0,0,0,0,0,0,0,0,3.03,2.72,0.36,2.73,5.89,
1,1595845947,2020,7,27,10,32,27,21,1,1,0,1,1,0,1,0,0,1,0,0,0,0,0,3.03,2.72,0.19,0.79,27.66,
1,1595845950,2020,7,27,10,32,30,21,1,1,1,0,1,0,1,0,1,0,0,0,0,0,0,3.03,2.72,0.19,0.69,15.53,
1,1595845953,2020,7,27,10,32,33,14,2,2,1,1,1,0,0,0,0,0,1,0,0,0,0,3.03,2.74,0.21,0.90,46.91,
1,1595845956,2020,7,27,10,32,36,16,2,0,1,2,2,1,0,0,0,0,0,0,0,0,0,3.03,2.74,0.13,1.41,2.46,
1,1595845959,2020,7,27,10,32,39,12,1,4,0,0,0,2,1,0,1,0,0,0,0,0,0,3.03,2.74,0.27,0.27,17.03,
1,1595845962,2020,7,27,10,32,42,19,1,3,0,0,1,1,1,1,0,0,0,0,0,0,0,3.03,2.75,0.27,0.67,10.14,
1,1595845965,2020,7,27,10,32,45,12,5,0,1,0,1,1,0,1,0,0,0,0,0,0,0,3.03,2.76,0.16,0.65,7.39,
1,1595845968,2020,7,27,10,32,48,10,2,2,0,0,0,1,0,0,0,1,0,1,0,0,0,3.03,2.78,0.18,0.18,24.93,
1,1595845971,2020,7,27,10,32,51,20,1,1,0,1,0,0,0,1,0,0,0,0,0,0,0,3.03,2.78,0.18,0.37,6.03,
1,1595845974,2020,7,27,10,32,54,8,4,2,1,1,1,2,0,0,0,0,0,0,0,0,0,3.03,2.81,0.20,0.87,2.91,
1,1595845977,2020,7,27,10,32,57,16,1,1,1,4,1,0,2,0,0,0,0,0,0,0,0,3.03,2.82,0.16,1.38,6.63,
1,1595847657,2020,7,27,11,0,57,0,0,0,0,0,0,0,0,0,0,0,0,0,0,0,0,1.76,4.25,0.00,0.00,0.00,
1,1595847663,2020,7,27,11,1,3,8,5,4,3,2,8,6,3,1,0,0,0,0,0,0,0,3.00,2.55,0.34,4.53,26.35,
1,1595847699,2020,7,27,11,1,39,11,7,7,4,1,3,4,0,0,1,0,0,0,0,0,0,3.00,2.52,0.55,2.50,20.25,
1,1595847702,2020,7,27,11,1,42,18,4,13,10,1,3,2,0,0,0,0,0,0,0,0,0,3.03,2.55,0.82,3.33,5.58,
1,1595847705,2020,7,27,11,1,45,15,2,8,1,3,3,1,0,0,0,0,0,0,0,0,0,3.03,2.57,0.52,2.51,3.62,
1,1595847708,2020,7,27,11,1,48,16,6,7,5,5,3,4,0,0,0,0,0,0,0,0,0,3.03,2.55,0.56,3.40,7.90,
1,1595847711,2020,7,27,11,1,51,10,6,8,3,4,10,0,0,1,0,0,0,0,0,0,0,3.03,2.57,0.56,5.94,12.06,
1,1595847714,2020,7,27,11,1,54,23,9,7,3,3,5,3,0,0,0,0,0,0,0,0,0,3.03,2.57,0.66,3.71,7.05,
1,1595847717,2020,7,27,11,1,57,22,8,5,6,2,9,2,0,0,0,0,0,0,0,0,0,3.03,2.59,0.53,5.35,7.56,
1,1595847720,2020,7,27,11,2,0,21,7,8,6,4,6,7,0,0,1,0,0,0,0,0,0,3.03,2.61,0.64,4.56,24.81,
1,1595847723,2020,7,27,11,2,3,17,6,4,5,4,7,1,1,0,0,0,0,0,0,0,0,3.03,2.65,0.40,4.59,8.47,
1,1595847726,2020,7,27,11,2,6,10,6,5,5,3,4,2,0,0,0,0,0,0,0,0,0,3.03,2.70,0.40,3.09,5.21,
1,1595847729,2020,7,27,11,2,9,20,11,7,4,3,7,4,0,0,0,0,0,0,0,0,0,3.03,2.72,0.64,4.41,8.62,
1,1595847732,2020,7,27,11,2,12,16,8,6,8,4,1,8,1,1,1,1,0,0,0,0,0,3.03,2.75,0.51,2.43,54.99,
1,1595847735,2020,7,27,11,2,15,14,9,7,7,5,4,4,0,1,0,0,0,0,0,0,0,3.03,2.78,0.55,3.74,13.54,
1,1595847738,2020,7,27,11,2,18,18,6,11,3,5,6,3,1,0,0,0,1,0,0,0,0,3.03,2.76,0.70,4.33,55.82,
1,1595847741,2020,7,27,11,2,21,17,6,8,6,4,5,3,1,2,0,1,0,0,0,0,0,3.03,2.76,0.56,3.88,44.88,
1,1595847745,2020,7,27,11,2,25,26,8,10,1,3,5,4,1,0,0,0,0,0,0,0,0,3.03,2.79,0.73,3.35,10.10,
1,1595847748,2020,7,27,11,2,28,18,7,12,4,2,3,6,2,0,1,0,0,0,0,0,0,3.03,2.80,0.75,2.68,25.86,
1,1595847751,2020,7,27,11,2,31,22,8,12,5,3,6,6,0,0,1,0,0,0,0,0,0,3.03,2.85,0.78,4.11,21.69,
1,1595847754,2020,7,27,11,2,34,30,8,10,6,5,6,4,0,0,1,0,0,0,0,0,0,3.03,2.80,0.76,4.60,20.43,
1,1595847757,2020,7,27,11,2,37,17,8,6,8,7,5,3,0,1,0,0,0,0,0,0,0,3.03,2.79,0.51,4.54,13.25,
1,1595847760,2020,7,27,11,2,40,17,2,12,3,2,7,6,2,1,0,0,0,0,0,0,0,3.03,2.78,0.66,4.08,21.24,
1,1595847763,2020,7,27,11,2,43,25,6,12,6,4,10,9,2,0,0,0,0,0,0,0,0,3.03,2.76,0.79,6.07,20.75,
1,1595847766,2020,7,27,11,2,46,15,3,7,8,6,9,7,2,1,0,0,0,0,0,0,0,3.03,2.77,0.45,5.92,24.21,
1,1595847769,2020,7,27,11,2,49,25,10,13,5,6,12,5,1,1,0,0,0,0,0,0,0,3.03,2.80,0.89,7.17,20.55,
1,1595847772,2020,7,27,11,2,52,35,5,10,2,4,6,4,1,1,0,0,0,0,0,0,0,3.03,2.81,0.73,4.00,16.31,
1,1595847775,2020,7,27,11,2,55,17,5,11,5,3,6,8,4,0,0,0,0,0,0,0,0,3.03,2.83,0.66,4.00,22.54,
1,1595847778,2020,7,27,11,2,58,19,7,2,6,4,3,7,0,0,1,0,0,0,0,0,0,3.03,2.86,0.32,2.75,21.19,
1,1595849458,2020,7,27,11,30,58,0,0,0,0,0,0,0,0,0,0,0,0,0,0,0,0,2.98,4.25,0.00,0.00,0.00,
1,1595849479,2020,7,27,11,31,19,17,3,4,4,3,10,4,2,1,0,1,1,0,0,0,0,3.00,2.52,0.37,5.80,99.43,
1,1595849482,2020,7,27,11,31,22,16,5,8,2,4,9,1,3,1,1,0,0,0,0,0,0,3.03,2.56,0.58,5.46,34.25,
1,1595849485,2020,7,27,11,31,25,20,5,16,10,3,6,5,1,0,0,2,1,0,0,0,0,3.03,2.55,0.99,5.21,114.63,
1,1595849488,2020,7,27,11,31,28,21,8,9,4,1,4,5,1,1,1,1,0,0,0,0,0,3.03,2.60,0.71,3.00,55.38,
1,1595849491,2020,7,27,11,31,31,25,8,8,5,2,6,4,2,0,2,0,0,0,0,0,0,3.03,2.62,0.68,4.09,39.21,
1,1595849494,2020,7,27,11,31,34,27,3,10,7,2,3,3,0,1,0,2,0,0,0,0,0,3.03,2.59,0.70,3.09,63.39,
1,1595849497,2020,7,27,11,31,37,22,7,6,9,0,14,5,1,0,0,0,0,0,0,0,0,3.03,2.62,0.55,7.30,15.60,
1,1595849500,2020,7,27,11,31,40,23,7,5,9,5,4,1,2,3,3,1,0,0,0,0,0,3.03,2.59,0.52,4.14,92.66,
1,1595849503,2020,7,27,11,31,43,22,3,9,7,1,6,5,1,1,1,1,0,1,0,0,0,3.03,2.60,0.62,4.06,56.49,
1,1595849506,2020,7,27,11,31,46,16,8,6,5,3,7,3,1,0,0,0,0,0,0,0,0,3.03,2.64,0.53,4.52,10.57,
1,1595849509,2020,7,27,11,31,49,18,7,6,3,3,9,2,1,3,0,0,1,1,0,0,0,3.03,2.63,0.53,5.18,76.12,
1,1595849512,2020,7,27,11,31,52,22,6,8,6,3,8,3,0,1,0,0,0,0,0,0,0,3.03,2.67,0.61,5.07,14.17,
1,1595849516,2020,7,27,11,31,56,33,9,12,7,5,3,6,4,1,1,0,1,0,0,0,0,3.03,2.68,0.92,3.81,86.31,
1,1595849519,2020,7,27,11,31,59,25,10,5,7,3,8,9,4,5,0,2,0,0,0,0,0,3.03,2.74,0.56,5.00,101.97,
1,1595849522,2020,7,27,11,32,2,25,7,4,11,5,12,4,1,1,3,1,0,1,1,0,0,3.03,2.72,0.46,7.31,80.39,
1,1595849525,2020,7,27,11,32,5,30,7,5,3,2,4,2,0,0,3,0,1,0,0,0,0,3.03,2.72,0.54,2.81,87.19,
1,1595849528,2020,7,27,11,32,8,25,2,9,2,4,4,4,2,2,0,1,0,0,0,0,0,3.03,2.74,0.59,3.15,48.32,
1,1595849531,2020,7,27,11,32,11,18,3,1,5,3,13,1,2,0,0,0,0,0,1,0,0,3.03,2.75,0.21,6.42,12.84,
1,1595849534,2020,7,27,11,32,14,24,12,6,1,6,5,4,1,3,3,0,0,0,0,0,0,3.03,2.83,0.61,3.76,61.97,
1,1595849537,2020,7,27,11,32,17,18,8,7,8,2,5,6,2,0,0,0,0,0,0,0,0,3.03,2.86,0.54,3.56,14.74,
1,1595849540,2020,7,27,11,32,20,20,4,6,8,5,5,2,1,2,1,1,1,0,0,0,0,3.03,2.88,0.44,3.98,97.43,
1,1595849543,2020,7,27,11,32,23,25,7,11,5,7,5,4,1,1,3,0,1,0,0,0,0,3.03,2.88,0.73,4.36,94.19,
1,1595849546,2020,7,27,11,32,26,22,5,3,8,2,7,2,0,0,0,0,0,0,0,0,0,3.03,2.91,0.34,4.05,6.02,
1,1595849549,2020,7,27,11,32,29,21,9,9,9,2,8,4,1,0,1,0,0,0,0,0,0,3.03,2.91,0.65,4.83,22.58,
1,1595849552,2020,7,27,11,32,32,23,10,4,7,1,12,8,2,0,2,0,0,0,0,0,0,3.03,2.96,0.46,5.70,40.65,
1,1595849555,2020,7,27,11,32,35,27,6,8,5,2,5,2,1,1,0,0,0,0,0,0,0,3.03,2.96,0.58,3.23,13.00,
1,1595849558,2020,7,27,11,32,38,24,10,10,10,5,5,4,1,2,0,0,0,0,0,0,0,3.04,2.95,0.71,4.33,21.31,
1,1595849561,2020,7,27,11,32,41,20,8,4,6,3,1,3,3,1,0,0,0,0,0,0,0,3.03,2.95,0.41,1.85,17.63,
1,1595849564,2020,7,27,11,32,44,19,4,6,6,4,4,2,0,2,0,0,1,0,1,0,0,3.03,2.97,0.42,3.14,58.09,
1,1595849567,2020,7,27,11,32,47,23,10,9,5,1,3,3,0,0,1,0,0,0,0,0,0,3.03,2.95,0.67,2.41,16.46,
1,1595849570,2020,7,27,11,32,50,27,5,11,7,1,4,5,4,0,2,0,0,0,0,0,0,3.03,2.97,0.69,2.96,39.86,
1,1595849573,2020,7,27,11,32,53,25,13,15,7,3,3,4,7,2,2,1,0,0,0,0,0,3.03,3.02,0.96,3.17,78.04,
1,1595849576,2020,7,27,11,32,56,39,10,5,7,5,5,10,0,0,0,0,0,0,1,0,0,3.03,3.02,0.58,3.87,13.35,
1,1595849579,2020,7,27,11,32,59,20,6,5,5,3,7,5,0,0,1,0,0,0,0,0,0,3.03,3.02,0.41,3.90,19.50,
1,1595851260,2020,7,27,12,1,0,0,0,0,0,0,0,0,0,0,0,0,0,0,0,0,0,2.81,4.25,0.00,0.00,0.00,
1,1595851263,2020,7,27,12,1,3,16,4,5,8,3,5,0,0,0,0,0,0,0,0,0,0,3.03,2.83,0.38,3.61,3.61,
1,1595851269,2020,7,27,12,1,9,13,6,7,6,1,2,0,2,0,0,1,0,0,0,0,0,3.00,2.67,0.52,2.14,32.61,
1,1595851272,2020,7,27,12,1,12,14,3,5,8,1,3,0,0,0,0,0,0,0,0,0,0,3.03,2.70,0.37,2.55,2.55,
1,1595851275,2020,7,27,12,1,15,22,5,10,6,2,2,1,0,2,0,0,0,0,0,0,0,3.03,2.67,0.69,2.49,15.37,
1,1595851278,2020,7,27,12,1,18,20,3,7,7,2,3,2,0,0,0,0,0,0,0,0,0,3.03,2.66,0.50,2.83,4.98,
1,1595851281,2020,7,27,12,1,21,9,5,6,6,5,3,4,0,1,0,0,0,0,0,0,0,3.03,2.59,0.44,3.33,13.85,
1,1595851284,2020,7,27,12,1,24,13,7,7,6,5,7,4,0,0,0,0,0,0,0,0,0,3.03,2.57,0.55,5.17,9.63,
1,1595851287,2020,7,27,12,1,27,16,6,9,3,3,5,0,0,0,0,0,0,0,0,0,0,3.03,2.54,0.65,3.74,3.74,
1,1595851290,2020,7,27,12,1,30,15,6,9,4,1,1,0,0,0,0,0,0,0,0,0,0,3.03,2.57,0.64,1.68,1.68,
1,1595851293,2020,7,27,12,1,33,5,3,9,9,3,3,1,0,0,1,0,0,0,0,0,0,3.03,2.58,0.51,3.31,17.12,
1,1595851296,2020,7,27,12,1,36,10,9,6,4,5,2,3,0,0,0,0,0,0,0,0,0,3.03,2.64,0.51,2.73,5.98,
1,1595851299,2020,7,27,12,1,39,13,8,6,7,5,5,0,0,0,0,0,0,0,0,0,0,3.03,2.70,0.50,4.17,4.17,
1,1595851302,2020,7,27,12,1,42,20,9,7,4,3,3,0,0,0,1,0,0,0,0,0,0,3.03,2.70,0.61,2.80,14.97,
1,1595851305,2020,7,27,12,1,45,13,8,13,9,0,7,2,1,1,0,0,0,0,0,0,0,3.03,2.71,0.81,4.50,15.13,
1,1595851308,2020,7,27,12,1,48,14,7,6,2,3,1,4,0,0,1,0,0,0,0,0,0,3.03,2.74,0.48,1.64,17.79,
1,1595851311,2020,7,27,12,1,51,12,9,7,6,4,4,4,0,0,0,0,0,0,0,0,0,3.03,2.78,0.54,3.44,7.56,
1,1595851314,2020,7,27,12,1,54,17,4,7,2,3,8,1,0,0,0,0,0,0,0,0,0,3.03,2.79,0.48,4.37,5.40,
1,1595851317,2020,7,27,12,1,57,14,6,10,8,3,8,2,2,1,0,0,0,0,0,0,0,3.03,2.80,0.63,5.06,18.02,
1,1595851320,2020,7,27,12,2,0,14,3,5,6,4,1,4,0,0,0,0,0,0,0,0,0,3.03,2.80,0.35,2.06,6.15,
1,1595851324,2020,7,27,12,2,4,16,6,5,6,2,8,4,0,1,0,0,0,0,0,0,0,3.03,2.80,0.42,4.47,14.15,
1,1595851327,2020,7,27,12,2,7,13,6,6,4,4,8,1,1,0,0,0,0,0,0,0,0,3.03,2.82,0.44,4.66,8.29,
1,1595851330,2020,7,27,12,2,10,11,7,3,5,1,6,1,0,0,0,0,0,0,0,0,0,3.03,2.85,0.31,3.26,4.26,
1,1595851333,2020,7,27,12,2,13,14,4,10,5,5,4,1,1,0,0,0,0,0,0,0,0,3.03,2.86,0.58,3.49,7.08,
1,1595851336,2020,7,27,12,2,16,16,5,8,1,2,5,0,0,0,0,0,0,0,0,0,0,3.03,2.89,0.52,2.87,2.87,
1,1595851339,2020,7,27,12,2,19,13,11,3,7,4,2,1,0,0,0,0,0,0,0,0,0,3.03,2.92,0.39,2.48,3.46,
1,1595851342,2020,7,27,12,2,22,12,4,7,4,2,1,0,0,0,0,0,0,0,0,0,0,3.03,2.96,0.42,1.51,1.51,
1,1595851345,2020,7,27,12,2,25,18,8,4,6,0,3,1,0,0,1,0,0,0,0,0,0,3.03,3.02,0.39,2.00,13.84,
1,1595851348,2020,7,27,12,2,28,12,3,3,4,0,5,4,0,0,0,0,0,0,0,0,0,3.03,3.04,0.24,2.38,6.15,
1,1595851351,2020,7,27,12,2,31,13,9,7,7,5,3,3,0,2,0,0,0,0,0,0,0,3.03,3.07,0.50,3.02,16.10,
1,1595851354,2020,7,27,12,2,34,17,7,8,3,5,0,1,0,0,0,0,0,0,0,0,0,3.03,3.09,0.52,1.63,2.56,
1,1595851357,2020,7,27,12,2,37,17,3,6,2,2,2,0,1,0,0,0,0,0,0,0,0,3.03,3.05,0.38,1.61,4.04,
1,1595851360,2020,7,27,12,2,40,14,3,6,3,4,3,1,0,0,0,0,0,0,0,0,0,3.03,3.07,0.36,2.37,3.31,
1,1595851363,2020,7,27,12,2,43,16,7,7,4,6,5,1,1,0,0,0,0,0,0,0,0,3.03,3.08,0.48,3.62,6.96,
1,1595851366,2020,7,27,12,2,46,16,5,3,2,3,6,2,0,0,0,0,0,0,0,0,0,3.03,3.08,0.29,3.10,4.95,
1,1595851369,2020,7,27,12,2,49,17,6,6,11,7,4,1,0,0,0,0,0,0,0,0,0,3.03,3.09,0.43,3.97,4.90,
1,1595851372,2020,7,27,12,2,52,21,4,7,5,2,3,1,0,0,0,0,0,0,0,0,0,3.03,3.09,0.45,2.28,3.20,
1,1595851375,2020,7,27,12,2,55,14,5,9,7,5,3,4,0,0,0,0,0,0,0,0,0,3.03,3.12,0.51,3.00,6.67,
1,1595851378,2020,7,27,12,2,58,20,6,5,6,4,6,3,0,0,0,0,0,0,0,0,0,3.03,3.11,0.40,3.70,6.46,
1,1595853059,2020,7,27,12,30,59,0,0,0,0,0,0,0,0,0,0,0,0,0,0,0,0,2.93,4.25,0.00,0.00,0.00,
1,1595853062,2020,7,27,12,31,2,8,1,0,0,1,0,0,0,0,0,0,0,0,0,0,0,3.03,2.74,0.07,0.26,0.26,
1,1595853065,2020,7,27,12,31,5,7,2,1,1,0,1,0,0,0,0,0,0,0,0,0,0,3.03,2.87,0.12,0.59,0.59,
1,1595853068,2020,7,27,12,31,8,7,1,1,0,0,1,0,0,0,0,0,0,0,0,0,0,3.03,2.93,0.10,0.47,0.47,
1,1595853071,2020,7,27,12,31,11,4,5,5,1,0,1,1,0,0,0,0,0,0,0,0,0,3.03,2.58,0.36,0.88,1.99,
1,1595853074,2020,7,27,12,31,14,6,0,0,0,0,0,0,0,0,0,0,0,0,0,0,0,3.03,2.58,0.04,0.04,0.04,
1,1595853077,2020,7,27,12,31,17,10,1,0,0,0,0,0,0,0,0,0,0,0,0,0,0,3.03,2.62,0.08,0.08,0.08,
1,1595853080,2020,7,27,12,31,20,6,2,3,0,2,1,0,0,0,0,0,0,0,0,0,0,3.03,2.68,0.21,1.01,1.01,
1,1595853083,2020,7,27,12,31,23,8,2,6,1,0,3,0,0,0,0,0,0,0,0,0,0,3.03,2.67,0.36,1.69,1.69,
1,1595853087,2020,7,27,12,31,27,4,1,2,2,0,0,0,0,0,0,1,0,0,0,0,0,3.03,2.71,0.13,0.33,24.56,
1,1595853090,2020,7,27,12,31,30,3,2,2,0,0,1,1,0,0,0,0,0,0,0,0,0,3.03,2.75,0.14,0.54,1.58,
1,1595853093,2020,7,27,12,31,33,7,3,2,1,1,0,0,0,0,0,0,0,0,0,0,0,3.03,2.69,0.19,0.48,0.48,
1,1595853096,2020,7,27,12,31,36,8,2,0,0,0,0,0,0,0,0,0,0,0,0,0,0,3.03,2.72,0.09,0.09,0.09,
1,1595853099,2020,7,27,12,31,39,5,0,4,2,0,1,0,0,0,0,0,0,0,0,0,0,3.03,2.72,0.21,0.80,0.80,
1,1595853102,2020,7,27,12,31,42,4,1,2,2,1,1,0,0,0,0,0,0,0,0,0,0,3.03,2.72,0.13,0.92,0.92,
1,1595853105,2020,7,27,12,31,45,7,3,2,1,0,0,0,0,0,0,0,0,0,0,0,0,3.03,2.73,0.19,0.28,0.28,
1,1595853108,2020,7,27,12,31,48,7,1,1,2,0,0,0,0,0,1,0,0,0,0,0,0,3.03,2.76,0.10,0.29,12.19,
1,1595853111,2020,7,27,12,31,51,5,3,4,4,0,2,0,0,0,0,0,0,0,0,0,0,3.03,2.81,0.26,1.41,1.41,
1,1595853114,2020,7,27,12,31,54,2,0,2,0,0,1,0,0,0,0,0,0,0,0,0,0,3.03,2.81,0.10,0.49,0.49,
1,1595853117,2020,7,27,12,31,57,6,1,3,0,0,1,0,0,0,0,0,0,0,0,0,0,3.03,2.83,0.18,0.57,0.57,
1,1595853120,2020,7,27,12,32,0,5,2,1,0,1,1,0,0,0,0,0,0,0,0,0,0,3.03,2.80,0.11,0.69,0.69,
1,1595853123,2020,7,27,12,32,3,4,1,2,0,0,2,0,0,0,0,0,0,0,0,0,0,3.03,2.83,0.13,0.90,0.90,
1,1595853126,2020,7,27,12,32,6,4,0,3,1,3,1,0,0,0,0,0,0,0,0,0,0,3.03,2.83,0.15,1.19,1.19,
1,1595853129,2020,7,27,12,32,9,8,4,1,2,0,1,1,0,0,0,0,0,0,0,0,0,3.03,2.89,0.16,0.72,1.71,
1,1595853132,2020,7,27,12,32,12,6,2,0,1,0,0,1,0,0,0,0,0,0,0,0,0,3.03,2.91,0.07,0.16,1.14,
1,1595853135,2020,7,27,12,32,15,7,0,6,2,0,1,0,0,0,0,0,0,0,0,0,0,3.03,2.91,0.29,0.85,0.85,
1,1595853138,2020,7,27,12,32,18,6,1,0,2,1,4,0,0,0,0,0,0,0,0,0,0,3.03,2.92,0.05,1.91,1.91,
1,1595853141,2020,7,27,12,32,21,5,4,3,2,0,1,1,0,0,0,0,0,0,0,0,0,3.03,2.97,0.22,0.76,1.73,
1,1595853144,2020,7,27,12,32,24,4,2,2,1,1,1,0,0,0,0,0,0,0,0,0,0,3.03,2.95,0.14,0.78,0.78,
1,1595853147,2020,7,27,12,32,27,7,0,3,1,0,2,0,0,0,0,0,0,0,0,0,0,3.03,2.95,0.16,1.00,1.00,
1,1595853150,2020,7,27,12,32,30,4,1,1,4,0,2,0,0,0,0,0,0,0,0,0,0,3.03,2.95,0.08,1.18,1.18,
1,1595853154,2020,7,27,12,32,34,6,5,5,1,0,0,0,0,0,0,0,0,0,0,0,0,3.03,2.93,0.33,0.42,0.42,
1,1595853157,2020,7,27,12,32,37,8,2,3,0,0,1,0,0,0,0,0,0,0,0,0,0,3.03,2.95,0.20,0.57,0.57,
1,1595853160,2020,7,27,12,32,40,8,3,2,0,1,1,0,0,0,0,0,0,0,0,0,0,3.03,2.93,0.18,0.73,0.73,
1,1595853163,2020,7,27,12,32,43,4,3,2,0,1,4,1,0,0,0,0,0,0,0,0,0,3.03,2.94,0.16,1.82,2.80,
1,1595853166,2020,7,27,12,32,46,7,2,2,0,1,2,0,0,0,0,0,0,0,0,0,0,3.03,2.95,0.16,1.08,1.08,
1,1595853169,2020,7,27,12,32,49,4,1,3,0,0,0,0,0,0,0,0,0,0,0,0,0,3.03,2.96,0.16,0.16,0.16,
1,1595853172,2020,7,27,12,32,52,5,3,1,0,0,3,0,0,0,0,0,0,0,0,0,0,3.03,2.98,0.12,1.22,1.22,
1,1595853175,2020,7,27,12,32,55,8,2,1,0,1,0,1,0,0,1,0,0,0,0,0,0,3.03,3.00,0.12,0.29,12.20,
1,1595853178,2020,7,27,12,32,58,8,4,3,1,0,0,0,0,0,0,0,0,0,0,0,0,3.03,3.04,0.23,0.32,0.32,
1,1595854859,2020,7,27,13,0,59,0,0,0,0,0,0,0,0,0,0,0,0,0,0,0,0,2.91,4.25,0.00,0.00,0.00,
1,1595854862,2020,7,27,13,1,2,3,0,0,0,1,0,1,0,0,0,0,0,0,0,0,0,3.03,4.25,0.01,0.14,0.81,
1,1595854865,2020,7,27,13,1,5,11,0,0,0,0,1,0,0,0,0,0,0,0,0,0,0,3.03,4.25,0.04,0.30,0.30,
1,1595854868,2020,7,27,13,1,8,8,0,1,0,0,0,0,0,0,0,0,0,0,0,0,0,3.03,4.25,0.06,0.06,0.06,
1,1595854871,2020,7,27,13,1,11,6,0,0,0,0,0,0,1,0,0,0,0,0,0,0,0,3.03,4.25,0.02,0.02,1.77,
1,1595854874,2020,7,27,13,1,14,9,0,0,1,0,0,0,1,1,0,0,0,0,0,0,0,3.03,4.25,0.04,0.10,5.54,
1,1595854877,2020,7,27,13,1,17,8,0,0,0,0,0,1,0,0,0,0,0,0,0,0,0,3.03,4.25,0.03,0.03,0.71,
1,1595854880,2020,7,27,13,1,20,3,0,1,0,0,1,0,0,0,0,0,0,0,0,0,0,3.03,4.25,0.04,0.30,0.30,
1,1595854883,2020,7,27,13,1,23,10,0,0,1,0,2,0,0,0,1,0,0,0,0,0,0,3.03,4.25,0.04,0.62,8.34,
1,1595854886,2020,7,27,13,1,26,6,2,0,3,0,0,0,1,1,0,0,0,0,0,0,0,3.03,2.83,0.07,0.35,8.52,
1,1595854890,2020,7,27,13,1,30,12,1,1,0,0,0,0,0,0,0,0,0,0,0,0,0,3.03,3.00,0.12,0.12,0.12,
1,1595854893,2020,7,27,13,1,33,7,1,1,2,0,2,1,0,0,0,0,0,0,0,0,0,3.03,3.09,0.09,0.97,1.90,
1,1595854896,2020,7,27,13,1,36,9,1,0,0,1,0,0,0,1,0,0,0,0,0,0,0,3.03,2.93,0.07,0.25,5.62,
1,1595854899,2020,7,27,13,1,39,3,2,1,0,0,0,0,0,0,0,0,1,0,0,0,0,3.03,3.08,0.09,0.09,40.94,
1,1595854902,2020,7,27,13,1,42,13,0,1,1,0,0,0,0,0,0,0,0,0,0,0,0,3.03,3.08,0.11,0.20,0.20,
1,1595854905,2020,7,27,13,1,45,9,0,0,1,1,1,0,0,1,1,0,0,0,0,0,0,3.03,3.08,0.05,0.66,16.42,
1,1595854908,2020,7,27,13,1,48,6,1,1,0,0,1,0,0,0,0,0,0,0,0,0,0,3.03,3.09,0.09,0.44,0.44,
1,1595854911,2020,7,27,13,1,51,4,1,1,0,1,0,0,0,0,0,0,0,0,0,0,0,3.03,3.10,0.08,0.25,0.25,
1,1595854914,2020,7,27,13,1,54,4,0,0,0,0,0,0,0,0,0,0,0,0,0,0,0,3.03,3.10,0.02,0.02,0.02,
1,1595854917,2020,7,27,13,1,57,9,0,0,0,0,1,0,0,0,0,0,0,0,0,0,0,3.03,3.10,0.05,0.40,0.40,
1,1595854920,2020,7,27,13,2,0,1,2,0,0,0,0,0,0,1,0,0,0,0,0,0,0,3.03,3.11,0.04,0.04,5.10,
1,1595854923,2020,7,27,13,2,3,6,0,1,1,0,1,0,0,0,0,0,0,0,0,0,0,3.03,3.11,0.07,0.51,0.51,
1,1595854926,2020,7,27,13,2,6,9,0,1,0,0,0,0,0,1,0,0,0,0,0,0,0,3.03,3.11,0.09,0.09,5.16,
1,1595854929,2020,7,27,13,2,9,3,0,0,0,0,0,0,0,0,0,0,0,0,0,0,0,3.03,3.11,0.02,0.02,0.02,
1,1595854932,2020,7,27,13,2,12,5,1,0,0,1,0,0,0,0,0,0,0,0,0,0,0,3.03,3.11,0.04,0.21,0.21,
1,1595854935,2020,7,27,13,2,15,8,1,0,1,1,1,1,0,0,0,0,0,0,0,0,0,3.03,3.04,0.06,0.68,1.62,
1,1595854938,2020,7,27,13,2,18,11,0,0,0,0,0,0,0,1,0,0,0,0,0,0,0,3.03,3.04,0.06,0.06,5.23,
1,1595854941,2020,7,27,13,2,21,5,0,0,0,0,0,0,0,0,0,0,0,0,0,0,0,3.03,3.04,0.03,0.03,0.03,
1,1595854944,2020,7,27,13,2,24,7,2,1,1,0,1,0,0,0,0,0,0,0,0,0,0,3.03,3.10,0.11,0.55,0.55,
1,1595854947,2020,7,27,13,2,27,10,0,0,0,0,0,1,0,0,0,0,0,0,0,0,0,3.03,3.10,0.05,0.05,0.98,
1,1595854950,2020,7,27,13,2,30,6,0,0,1,0,0,1,1,0,0,0,0,0,0,0,0,3.03,3.10,0.03,0.12,3.43,
1,1595854953,2020,7,27,13,2,33,5,1,1,1,0,0,1,0,0,0,0,0,0,0,0,0,3.03,3.09,0.08,0.17,1.09,
1,1595854956,2020,7,27,13,2,36,5,0,0,0,0,1,0,0,0,0,0,0,0,0,0,0,3.03,3.09,0.03,0.38,0.38,
1,1595854960,2020,7,27,13,2,40,8,0,0,0,0,0,0,0,0,0,0,0,0,0,0,0,3.03,3.09,0.04,0.04,0.04,
1,1595854963,2020,7,27,13,2,43,11,0,0,1,3,0,0,0,0,0,0,0,0,0,0,0,3.03,3.09,0.06,0.66,0.66,
1,1595854966,2020,7,27,13,2,46,12,2,0,1,0,0,1,0,0,0,0,0,0,0,0,0,3.03,3.12,0.10,0.18,1.10,
1,1595854969,2020,7,27,13,2,49,13,0,0,1,1,0,0,0,0,1,0,0,0,0,0,0,3.03,3.12,0.07,0.32,10.84,
1,1595854972,2020,7,27,13,2,52,6,4,0,0,0,0,0,0,0,0,0,0,0,0,0,0,3.03,3.19,0.09,0.09,0.09,
1,1595854975,2020,7,27,13,2,55,6,0,1,2,0,0,0,0,0,0,0,0,0,0,0,0,3.03,3.19,0.07,0.23,0.23,
1,1595854978,2020,7,27,13,2,58,9,2,0,0,0,1,0,0,0,1,0,0,0,0,0,0,3.03,3.17,0.08,0.42,10.79,
1,1595856660,2020,7,27,13,31,0,0,0,0,0,0,0,0,0,0,0,0,0,0,0,0,0,2.91,4.25,0.00,0.00,0.00,
1,1595856663,2020,7,27,13,31,3,0,0,1,0,1,2,0,0,0,0,1,0,0,0,0,0,3.03,4.25,0.03,0.67,16.16,
1,1595856666,2020,7,27,13,31,6,1,0,2,0,0,1,1,0,0,1,0,0,0,0,0,0,3.03,4.25,0.06,0.32,8.71,
1,1595856669,2020,7,27,13,31,9,0,1,0,3,1,2,0,0,0,0,0,0,0,0,0,0,3.03,2.74,0.02,1.30,1.30,
1,1595856672,2020,7,27,13,31,12,2,0,0,0,0,1,0,0,0,0,0,0,0,0,0,0,3.03,2.74,0.01,0.41,0.41,
1,1595856675,2020,7,27,13,31,15,1,1,2,0,1,0,1,1,0,0,0,0,0,0,0,0,3.03,2.66,0.12,0.32,4.18,
1,1595856678,2020,7,27,13,31,18,0,1,0,0,1,2,0,0,0,0,0,0,0,0,0,0,3.03,3.00,0.02,0.92,0.92,
1,1595856681,2020,7,27,13,31,21,2,1,1,0,0,0,1,0,1,0,0,0,0,0,0,0,3.03,3.04,0.07,0.07,6.20,
1,1595856684,2020,7,27,13,31,24,1,1,0,0,2,0,0,1,0,0,0,0,0,0,0,0,3.03,3.15,0.02,0.36,2.71,
1,1595856687,2020,7,27,13,31,27,0,3,1,1,0,0,1,1,1,1,0,0,0,0,0,0,3.03,2.94,0.09,0.18,20.17,
1,1595856690,2020,7,27,13,31,30,4,1,1,0,0,1,1,0,0,0,0,0,0,0,0,0,3.03,2.92,0.08,0.46,1.44,
1,1595856693,2020,7,27,13,31,33,2,2,1,0,2,0,1,0,0,0,0,0,0,0,0,0,3.03,2.96,0.09,0.44,1.41,
1,1595856696,2020,7,27,13,31,36,6,2,0,0,1,1,0,1,0,0,0,0,0,0,0,0,3.03,2.86,0.07,0.64,3.22,
1,1595856699,2020,7,27,13,31,39,2,0,0,0,0,0,1,0,0,0,0,0,0,0,0,0,3.03,2.86,0.01,0.01,1.01,
1,1595856702,2020,7,27,13,31,42,1,1,0,0,0,1,0,0,0,0,0,0,0,0,0,0,3.03,2.81,0.02,0.41,0.41,
1,1595856705,2020,7,27,13,31,45,1,0,0,0,0,0,0,1,0,0,0,0,0,0,0,0,3.03,2.81,0.01,0.01,2.64,
1,1595856708,2020,7,27,13,31,48,1,0,0,0,0,0,0,0,0,0,0,0,0,0,0,0,3.03,2.81,0.01,0.01,0.01,
1,1595856711,2020,7,27,13,31,51,4,0,1,2,0,1,1,0,0,0,0,0,0,0,0,0,3.03,2.81,0.07,0.64,1.66,
1,1595856714,2020,7,27,13,31,54,1,0,2,1,0,0,0,0,0,0,0,0,0,0,0,0,3.03,2.81,0.09,0.19,0.19,
1,1595856717,2020,7,27,13,31,57,1,0,1,1,0,0,1,2,0,0,0,0,0,0,0,0,3.03,2.81,0.05,0.14,6.42,
1,1595856721,2020,7,27,13,32,1,2,1,0,0,0,0,0,0,0,0,0,0,0,0,0,0,3.03,2.82,0.03,0.03,0.03,
1,1595856724,2020,7,27,13,32,4,2,0,0,0,0,0,0,0,0,0,0,0,0,0,0,0,3.03,2.82,0.01,0.01,0.01,
1,1595856727,2020,7,27,13,32,7,1,0,2,1,1,0,1,0,0,0,0,0,0,0,0,0,3.03,2.82,0.09,0.37,1.39,
1,1595856730,2020,7,27,13,32,10,1,1,1,0,1,0,0,1,0,0,0,0,0,0,0,0,3.03,2.74,0.07,0.26,2.97,
1,1595856733,2020,7,27,13,32,13,1,2,0,0,1,0,0,0,0,0,0,0,0,0,0,0,3.03,2.80,0.04,0.23,0.23,
1,1595856736,2020,7,27,13,32,16,1,1,0,0,0,1,0,0,0,1,0,0,0,0,0,0,3.03,2.77,0.02,0.42,12.28,
1,1595856739,2020,7,27,13,32,19,1,2,1,1,0,1,0,1,0,0,0,0,0,0,0,0,3.03,2.82,0.08,0.56,3.19,
1,1595856742,2020,7,27,13,32,22,1,0,0,0,1,0,0,0,0,0,0,0,0,0,0,0,3.03,2.82,0.01,0.19,0.19,
1,1595856745,2020,7,27,13,32,25,3,0,1,0,0,0,0,0,0,0,0,0,0,0,0,0,3.03,2.82,0.06,0.06,0.06,
1,1595856748,2020,7,27,13,32,28,1,1,1,3,1,0,1,1,0,0,0,0,0,0,0,0,3.03,2.85,0.07,0.53,4.12,
1,1595856751,2020,7,27,13,32,31,3,1,1,0,0,2,0,0,0,0,0,0,0,0,0,0,3.03,2.84,0.08,0.85,0.85,
1,1595856754,2020,7,27,13,32,34,0,0,2,1,0,0,0,1,0,0,0,0,0,0,0,0,3.03,2.84,0.09,0.18,2.78,
1,1595856757,2020,7,27,13,32,37,0,2,1,0,1,0,0,0,0,0,0,0,0,0,0,0,3.03,2.83,0.08,0.26,0.26,
1,1595856760,2020,7,27,13,32,40,1,2,0,0,1,0,0,0,0,0,0,0,0,0,0,0,3.03,2.89,0.04,0.22,0.22,
1,1595856763,2020,7,27,13,32,43,3,1,0,0,3,0,0,0,0,0,0,0,0,0,0,0,3.03,2.91,0.03,0.58,0.58,
1,1595856766,2020,7,27,13,32,46,0,0,1,1,0,3,0,0,0,0,0,0,0,0,0,0,3.03,2.91,0.04,1.26,1.26,
1,1595856769,2020,7,27,13,32,49,2,1,0,0,1,1,1,0,1,0,0,0,0,0,0,0,3.03,2.93,0.03,0.58,6.91,
1,1595856772,2020,7,27,13,32,52,1,0,0,0,0,1,0,1,0,0,0,0,0,0,0,0,3.03,2.93,0.01,0.38,2.90,
1,1595856775,2020,7,27,13,32,55,3,0,1,1,0,0,1,0,0,0,0,0,0,0,0,0,3.03,2.93,0.06,0.15,1.12,
1,1595856778,2020,7,27,13,32,58,1,1,0,1,0,0,1,0,0,0,0,0,0,0,0,0,3.03,2.93,0.02,0.11,1.09,
1,1595858460,2020,7,27,14,1,0,0,0,0,0,0,0,0,0,0,0,0,0,0,0,0,0,2.91,4.25,0.00,0.00,0.00,
1,1595858463,2020,7,27,14,1,3,3,1,0,0,2,2,0,0,0,0,0,0,0,0,0,0,3.03,2.74,0.04,1.22,1.22,
1,1595858466,2020,7,27,14,1,6,2,0,1,1,1,1,0,0,1,0,0,0,0,0,0,0,3.03,2.74,0.06,0.74,6.48,
1,1595858469,2020,7,27,14,1,9,5,3,2,2,2,1,0,0,0,0,0,0,0,0,0,0,3.03,2.88,0.17,1.09,1.09,
1,1595858472,2020,7,27,14,1,12,4,2,1,0,0,0,2,0,0,0,0,0,0,0,0,0,3.03,2.80,0.10,0.10,2.15,
1,1595858475,2020,7,27,14,1,15,7,1,0,1,1,1,0,0,0,0,0,0,0,0,0,0,3.03,2.85,0.06,0.72,0.72,
1,1595858478,2020,7,27,14,1,18,4,0,2,0,1,1,1,0,0,0,0,0,0,0,0,0,3.03,2.85,0.11,0.68,1.68,
1,1595858481,2020,7,27,14,1,21,0,2,1,0,1,0,2,0,0,0,0,0,0,0,0,0,3.03,2.82,0.08,0.26,2.29,
1,1595858485,2020,7,27,14,1,25,2,0,1,1,0,1,0,0,1,0,0,0,0,0,0,0,3.03,2.82,0.06,0.54,6.11,
1,1595858488,2020,7,27,14,1,28,4,1,0,0,1,1,0,1,0,0,0,0,0,0,0,0,3.03,2.83,0.04,0.61,3.23,
1,1595858491,2020,7,27,14,1,31,4,2,2,1,0,1,1,0,0,0,0,0,0,0,0,0,3.03,2.64,0.16,0.67,1.75,
1,1595858494,2020,7,27,14,1,34,6,1,2,2,1,1,2,0,0,0,0,0,0,0,0,0,3.03,2.66,0.15,0.95,3.11,
1,1595858497,2020,7,27,14,1,37,2,1,3,1,0,0,1,0,0,0,0,0,0,0,0,0,3.03,2.69,0.17,0.26,1.33,
1,1595858500,2020,7,27,14,1,40,3,2,0,2,0,2,2,1,0,0,0,0,0,0,0,0,3.03,2.79,0.05,1.03,5.74,
1,1595858503,2020,7,27,14,1,43,2,2,1,2,2,1,0,0,0,0,0,0,0,0,0,0,3.03,2.74,0.09,1.07,1.07,
1,1595858506,2020,7,27,14,1,46,3,2,1,0,1,2,0,0,0,0,0,0,0,0,0,0,3.03,2.78,0.10,1.07,1.07,
1,1595858509,2020,7,27,14,1,49,6,2,4,3,1,0,1,0,1,0,0,0,0,0,0,0,3.03,2.82,0.24,0.71,7.30,
1,1595858512,2020,7,27,14,1,52,6,3,3,1,2,0,1,0,0,0,0,0,0,0,0,0,3.03,2.84,0.22,0.68,1.69,
1,1595858515,2020,7,27,14,1,55,3,3,4,2,0,1,0,1,0,0,0,0,0,0,0,0,3.03,2.85,0.24,0.81,3.41,
1,1595858518,2020,7,27,14,1,58,6,1,0,1,0,2,1,0,0,0,0,0,0,0,0,0,3.03,2.82,0.05,0.92,1.93,
1,1595858521,2020,7,27,14,2,1,3,0,3,1,0,0,1,0,0,0,0,0,0,0,0,0,3.03,2.82,0.15,0.24,1.25,
1,1595858524,2020,7,27,14,2,4,4,1,1,1,0,0,0,0,1,0,0,0,0,0,0,0,3.03,2.85,0.08,0.18,5.71,
1,1595858527,2020,7,27,14,2,7,5,1,5,5,0,1,0,0,0,0,0,0,0,0,0,0,3.03,2.87,0.26,1.10,1.10,
1,1595858530,2020,7,27,14,2,10,5,2,2,1,3,2,0,0,0,0,0,0,0,0,0,0,3.03,2.89,0.15,1.54,1.54,
1,1595858533,2020,7,27,14,2,13,6,1,1,0,0,3,1,0,0,0,0,0,0,0,0,0,3.03,2.90,0.09,1.22,2.21,
1,1595858536,2020,7,27,14,2,16,2,2,4,2,3,2,0,0,0,0,0,0,0,0,0,0,3.03,2.95,0.21,1.66,1.66,
1,1595858539,2020,7,27,14,2,19,4,2,4,1,0,1,0,0,1,0,0,0,0,0,0,0,3.03,2.95,0.22,0.68,6.02,
1,1595858542,2020,7,27,14,2,22,1,2,3,2,0,0,0,0,0,0,0,0,0,0,0,0,3.03,2.94,0.16,0.34,0.34,
1,1595858545,2020,7,27,14,2,25,1,2,3,0,1,1,1,0,0,0,0,0,0,0,0,0,3.03,2.91,0.17,0.72,1.71,
1,1595858548,2020,7,27,14,2,28,3,1,2,2,0,0,1,0,0,0,0,0,0,0,0,0,3.03,2.91,0.12,0.30,1.28,
1,1595858551,2020,7,27,14,2,31,3,2,3,2,0,0,0,0,0,0,0,0,0,0,0,0,3.03,2.92,0.18,0.36,0.36,
1,1595858555,2020,7,27,14,2,35,7,2,1,3,0,1,0,1,0,0,0,0,0,0,0,0,3.03,2.90,0.12,0.77,3.32,
1,1595858558,2020,7,27,14,2,38,3,3,3,1,1,3,0,0,0,0,0,0,0,0,0,0,3.03,2.92,0.19,1.59,1.59,
1,1595858561,2020,7,27,14,2,41,6,1,2,2,1,1,0,0,1,0,0,0,0,0,0,0,3.03,2.91,0.14,0.87,6.28,
1,1595858564,2020,7,27,14,2,44,6,1,6,0,1,0,1,1,0,0,0,0,0,0,0,0,3.03,2.91,0.30,0.48,4.02,
1,1595858567,2020,7,27,14,2,47,4,2,1,1,0,1,0,0,0,0,0,0,0,0,0,0,3.03,2.94,0.10,0.56,0.56,
1,1595858570,2020,7,27,14,2,50,3,2,1,1,1,0,0,0,0,0,0,0,0,0,0,0,3.03,2.94,0.09,0.36,0.36,
1,1595858573,2020,7,27,14,2,53,6,1,2,3,1,1,1,0,0,0,0,0,0,0,0,0,3.03,2.94,0.13,0.95,1.93,
1,1595858576,2020,7,27,14,2,56,4,2,5,2,0,1,0,0,0,0,0,0,0,0,0,0,3.03,2.93,0.26,0.82,0.82,
1,1595858579,2020,7,27,14,2,59,6,0,3,0,0,0,2,0,0,0,1,0,0,0,0,0,3.03,2.93,0.16,0.16,24.56,
1,1595860261,2020,7,27,14,31,1,0,0,0,0,0,0,0,0,0,0,0,0,0,0,0,0,2.91,4.25,0.00,0.00,0.00,
1,1595860264,2020,7,27,14,31,4,2,0,1,1,0,0,1,0,0,0,0,0,0,0,0,0,3.03,4.25,0.04,0.10,0.77,
1,1595860267,2020,7,27,14,31,7,6,0,3,0,1,2,0,0,0,0,0,0,0,0,0,0,3.03,4.25,0.11,0.75,0.75,
1,1595860270,2020,7,27,14,31,10,4,0,0,3,0,2,2,1,1,0,0,0,0,0,0,0,3.03,4.25,0.02,0.72,7.51,
1,1595860273,2020,7,27,14,31,13,1,1,2,1,0,1,0,2,0,0,0,0,0,0,0,0,3.03,2.74,0.11,0.61,6.01,
1,1595862060,2020,7,27,15,1,0,0,0,0,0,0,0,0,0,0,0,0,0,0,0,0,0,2.41,4.25,0.00,0.00,0.00,
1,1595862063,2020,7,27,15,1,3,7,2,1,0,2,0,1,0,0,1,0,0,0,0,0,0,3.03,2.93,0.12,0.47,12.66,
1,1595862169,2020,7,27,15,2,49,6,4,2,4,1,1,0,0,0,0,0,0,0,0,0,0,3.00,2.51,0.22,1.29,1.29,
1,1595862172,2020,7,27,15,2,52,13,3,3,2,0,4,0,0,0,0,0,0,0,0,0,0,3.03,2.51,0.29,2.24,2.24,
1,1595862175,2020,7,27,15,2,55,8,4,2,1,4,1,1,0,0,0,0,0,0,0,0,0,3.03,2.56,0.23,1.58,2.70,
1,1595862178,2020,7,27,15,2,58,9,2,3,1,2,2,0,0,0,1,0,0,0,0,0,0,3.03,2.58,0.24,1.60,14.32,
1,1595863859,2020,7,27,15,30,59,0,0,0,0,0,0,0,0,0,0,0,0,0,0,0,0,2.42,4.25,0.00,0.00,0.00,
1,1595865659,2020,7,27,16,0,59,0,0,0,0,0,0,0,0,0,0,0,0,0,0,0,0,2.52,4.25,0.00,0.00,0.00,
1,1595867458,2020,7,27,16,30,58,0,0,0,0,0,0,0,0,0,0,0,0,0,0,0,0,2.52,4.25,0.00,0.00,0.00,
1,1595867531,2020,7,27,16,32,11,21,8,7,7,5,8,1,1,1,0,1,0,0,0,0,0,3.00,2.52,0.64,5.93,42.63,
1,1595867534,2020,7,27,16,32,14,19,8,7,9,1,3,2,1,0,0,0,0,0,0,0,0,3.03,2.57,0.61,3.02,8.14,
1,1595867537,2020,7,27,16,32,17,22,6,8,6,5,9,1,1,1,1,0,0,0,0,0,0,3.03,2.60,0.63,6.03,28.65,
1,1595867540,2020,7,27,16,32,20,20,9,6,7,5,3,2,2,2,0,1,0,0,0,0,0,3.03,2.64,0.57,3.51,48.13,
1,1595867543,2020,7,27,16,32,23,18,12,9,6,3,5,3,3,1,0,0,0,0,0,0,0,3.03,2.70,0.74,3.93,21.16,
1,1595867546,2020,7,27,16,32,26,25,7,4,6,4,3,5,1,0,0,0,0,0,0,0,0,3.03,2.74,0.46,3.00,10.93,
1,1595867549,2020,7,27,16,32,29,11,12,7,5,1,3,2,1,0,0,0,0,0,0,0,0,3.03,2.70,0.61,2.50,7.37,
1,1595867552,2020,7,27,16,32,32,18,10,12,8,2,3,0,0,0,0,0,0,0,0,0,0,3.03,2.74,0.82,3.17,3.17,
1,1595867555,2020,7,27,16,32,35,19,9,9,7,4,3,0,1,0,1,0,0,0,0,0,0,3.03,2.75,0.68,3.30,17.92,
1,1595867558,2020,7,27,16,32,38,25,5,11,8,3,8,2,1,1,1,0,0,0,0,0,0,3.03,2.77,0.73,5.22,27.53,
1,1595867561,2020,7,27,16,32,41,11,9,9,12,3,1,1,0,1,0,0,0,0,0,0,0,3.03,2.82,0.61,2.67,9.26,
1,1595867564,2020,7,27,16,32,44,18,7,7,3,2,5,2,1,0,0,0,0,0,0,0,0,3.03,2.78,0.54,3.18,7.91,
1,1595867567,2020,7,27,16,32,47,20,10,8,4,2,8,1,0,0,0,0,0,0,0,0,0,3.03,2.85,0.63,4.44,5.45,
1,1595867570,2020,7,27,16,32,50,18,6,7,3,3,3,2,2,0,0,0,0,0,0,0,0,3.03,2.79,0.52,2.55,9.91,
1,1595867573,2020,7,27,16,32,53,21,6,4,8,3,2,0,2,0,0,0,0,0,0,0,0,3.03,2.80,0.41,2.50,7.79,
1,1595867577,2020,7,27,16,32,57,20,5,6,2,3,4,6,0,0,0,0,0,0,0,0,0,3.03,2.83,0.47,2.76,8.83,
1,1595869258,2020,7,27,17,0,58,0,0,0,0,0,0,0,0,0,0,0,0,0,0,0,0,2.12,4.25,0.00,0.00,0.00,
1,1595871060,2020,7,27,17,31,0,0,0,0,0,0,0,0,0,0,0,0,0,0,0,0,0,2.30,4.25,0.00,0.00,0.00,
1,1595871151,2020,7,27,17,32,31,18,9,1,1,1,5,0,0,1,0,0,0,0,0,0,0,3.00,2.56,0.34,2.81,9.00,
1,1595871154,2020,7,27,17,32,34,10,6,2,3,0,3,1,0,0,0,0,0,0,0,0,0,3.03,2.57,0.28,1.86,2.97,
1,1595871157,2020,7,27,17,32,37,11,4,5,5,2,5,1,1,1,0,0,0,0,0,0,0,3.03,2.62,0.38,3.37,13.32,
1,1595871160,2020,7,27,17,32,40,17,8,6,7,0,0,3,0,0,0,1,0,0,0,0,0,3.03,2.64,0.54,1.23,29.40,
1,1595871163,2020,7,27,17,32,43,15,5,5,2,1,2,0,0,0,0,0,0,0,0,0,0,3.03,2.61,0.43,1.67,1.67,
1,1595871166,2020,7,27,17,32,46,12,3,7,4,1,2,0,0,0,0,0,0,0,0,0,0,3.03,2.64,0.46,1.89,1.89,
1,1595871169,2020,7,27,17,32,49,10,1,1,1,1,3,1,0,0,1,0,0,0,0,0,0,3.03,2.63,0.13,1.67,15.23,
1,1595871172,2020,7,27,17,32,52,5,3,3,1,3,1,1,0,0,0,0,0,0,0,0,0,3.03,2.63,0.23,1.35,2.44,
1,1595871175,2020,7,27,17,32,55,6,1,2,3,0,0,0,0,0,0,0,0,0,0,0,0,3.03,2.63,0.15,0.45,0.45,
1,1595871178,2020,7,27,17,32,58,12,4,7,2,1,2,0,1,1,0,0,0,0,0,0,0,3.03,2.61,0.48,1.72,10.58,
1,1595872852,2020,7,27,18,0,52,0,0,0,0,0,0,0,0,0,0,0,0,0,0,0,0,2.28,4.25,0.00,0.00,0.00,
1,1595872882,2020,7,27,18,1,22,7,2,2,1,0,1,0,1,0,0,1,0,0,0,0,0,3.00,2.51,0.19,0.73,30.19,
1,1595872885,2020,7,27,18,1,25,3,3,1,7,0,3,1,1,1,0,1,0,0,0,0,0,3.03,2.56,0.13,2.13,38.07,
1,1595872888,2020,7,27,18,1,28,9,3,3,3,3,1,2,2,1,0,0,0,0,0,0,0,3.03,2.61,0.25,1.58,15.47,
1,1595872891,2020,7,27,18,1,31,5,4,2,1,2,3,0,0,0,0,0,0,0,0,0,0,3.03,2.62,0.20,1.96,1.96,
1,1595872894,2020,7,27,18,1,34,2,3,2,2,0,1,0,0,0,0,0,0,0,1,0,0,3.03,2.59,0.16,0.79,0.79,
1,1595872897,2020,7,27,18,1,37,5,2,2,2,2,3,0,0,0,0,0,0,0,0,0,0,3.03,2.56,0.17,2.07,2.07,
1,1595872900,2020,7,27,18,1,40,5,1,0,2,0,0,1,0,0,0,0,0,0,0,0,0,3.03,2.57,0.05,0.26,1.37,
1,1595872903,2020,7,27,18,1,43,3,1,3,3,1,0,0,0,0,0,0,0,0,0,0,0,3.03,2.57,0.18,0.69,0.69,
1,1595872907,2020,7,27,18,1,47,3,2,1,1,1,1,1,0,1,0,0,0,0,0,0,0,3.03,2.60,0.10,0.83,7.98,
1,1595872910,2020,7,27,18,1,50,4,1,2,1,1,0,2,0,0,0,0,0,0,0,0,0,3.03,2.60,0.14,0.44,2.64,
1,1595872913,2020,7,27,18,1,53,3,1,2,1,1,2,0,0,0,1,0,0,0,0,0,0,3.03,2.60,0.13,1.27,13.88,
1,1595872916,2020,7,27,18,1,56,7,0,0,2,0,0,2,1,0,0,0,0,0,0,0,0,3.03,2.60,0.05,0.25,5.29,
1,1595872919,2020,7,27,18,1,59,6,3,2,2,1,1,0,1,0,0,0,0,0,0,0,0,3.03,2.60,0.19,1.01,3.86,
1,1595872922,2020,7,27,18,2,2,5,5,2,4,1,0,1,1,2,0,0,0,0,0,0,0,3.03,2.65,0.22,0.81,16.57,
1,1595872925,2020,7,27,18,2,5,4,2,3,4,2,1,1,1,0,0,0,0,0,0,0,0,3.03,2.65,0.20,1.41,5.29,
1,1595872928,2020,7,27,18,2,8,4,4,3,3,1,0,1,0,0,0,0,0,0,0,0,0,3.03,2.62,0.24,0.74,1.83,
1,1595872931,2020,7,27,18,2,11,6,3,3,3,1,2,1,0,0,0,0,0,0,0,0,0,3.03,2.64,0.23,1.56,2.64,
1,1595872934,2020,7,27,18,2,14,6,5,1,0,0,0,1,1,0,0,0,0,0,0,0,0,3.03,2.64,0.18,0.18,4.06,
1,1595872937,2020,7,27,18,2,17,7,5,2,1,2,3,0,0,0,0,0,0,0,0,0,0,3.03,2.68,0.23,1.95,1.95,
1,1595872940,2020,7,27,18,2,20,9,2,5,4,2,2,0,0,2,0,0,0,0,0,0,0,3.03,2.68,0.32,1.92,13.68,
1,1595872943,2020,7,27,18,2,23,7,3,3,1,1,2,0,0,1,0,0,0,0,0,0,0,3.03,2.69,0.23,1.34,7.18,
1,1595872946,2020,7,27,18,2,26,5,1,4,3,0,1,1,0,0,0,0,0,0,0,0,0,3.03,2.65,0.23,0.94,2.03,
1,1595872949,2020,7,27,18,2,29,6,2,2,1,0,0,1,0,0,1,0,0,0,0,0,0,3.03,2.66,0.17,0.27,13.67,
1,1595872952,2020,7,27,18,2,32,8,1,1,3,3,1,2,0,0,0,0,0,0,0,0,0,3.03,2.66,0.12,1.42,3.57,
1,1595872955,2020,7,27,18,2,35,8,2,0,3,1,0,0,0,0,0,0,0,0,0,0,0,3.03,2.67,0.09,0.58,0.58,
1,1595872958,2020,7,27,18,2,38,9,3,4,3,1,2,1,0,0,0,0,0,0,0,0,0,3.03,2.69,0.29,1.59,2.66,
1,1595872961,2020,7,27,18,2,41,6,4,0,2,1,1,1,0,1,0,0,0,0,0,0,0,3.03,2.72,0.11,0.90,7.74,
1,1595872964,2020,7,27,18,2,44,3,6,2,0,2,1,2,1,1,1,0,0,0,0,0,0,3.03,2.70,0.22,1.02,23.90,
1,1595872967,2020,7,27,18,2,47,10,2,3,0,0,0,2,3,0,0,0,0,0,0,0,0,3.03,2.71,0.23,0.23,10.55,
1,1595872970,2020,7,27,18,2,50,12,1,1,0,0,1,0,0,0,0,0,0,0,0,0,0,3.03,2.72,0.14,0.54,0.54,
1,1595872973,2020,7,27,18,2,53,10,3,2,2,1,2,0,0,1,1,0,0,0,0,0,0,3.03,2.72,0.21,1.40,19.29,
1,1595872977,2020,7,27,18,2,57,9,2,3,1,1,1,3,1,1,0,0,0,0,0,0,0,3.03,2.73,0.23,0.91,12.53,
1,1595874659,2020,7,27,18,30,59,0,0,0,0,0,0,0,0,0,0,0,0,0,0,0,0,2.65,4.25,0.00,0.00,0.00,
1,1595874734,2020,7,27,18,32,14,10,4,5,2,3,2,1,0,0,0,0,0,0,0,0,0,3.00,2.51,0.39,2.11,3.26,
1,1595874737,2020,7,27,18,32,17,12,3,3,5,1,2,1,0,1,0,0,0,0,0,0,0,3.03,2.53,0.28,1.88,9.24,
1,1595874740,2020,7,27,18,32,20,10,5,4,2,2,2,1,1,1,0,0,0,0,0,0,0,3.03,2.54,0.36,1.84,12.10,
1,1595874743,2020,7,27,18,32,23,5,2,0,4,1,0,0,0,1,0,1,0,0,0,0,0,3.03,2.55,0.07,0.69,32.72,
1,1595874746,2020,7,27,18,32,26,6,3,7,2,2,1,0,1,1,0,0,0,0,0,0,0,3.03,2.54,0.43,1.48,10.57,
1,1595874749,2020,7,27,18,32,29,9,7,4,0,0,3,1,1,0,1,0,0,0,0,0,0,3.03,2.59,0.38,1.65,18.30,
1,1595874752,2020,7,27,18,32,32,6,6,3,2,5,0,1,1,0,0,0,0,0,0,0,0,3.03,2.59,0.29,1.51,5.47,
1,1595874755,2020,7,27,18,32,35,8,5,4,0,2,0,0,1,0,0,0,0,0,0,0,0,3.03,2.62,0.33,0.73,3.56,
1,1595874758,2020,7,27,18,32,38,4,4,2,2,1,2,0,0,0,1,0,0,0,0,0,0,3.03,2.64,0.19,1.42,13.88,
1,1595874762,2020,7,27,18,32,42,9,4,1,4,0,2,0,0,0,0,0,0,0,0,0,0,3.03,2.62,0.18,1.42,1.42,
1,1595874765,2020,7,27,18,32,45,7,7,3,4,2,1,0,1,0,0,0,0,0,0,0,0,3.03,2.65,0.31,1.52,4.30,
1,1595874768,2020,7,27,18,32,48,3,2,3,2,0,1,1,0,0,0,0,0,0,0,0,0,3.03,2.68,0.19,0.80,1.87,
1,1595874771,2020,7,27,18,32,51,6,4,2,2,0,2,0,0,1,0,0,0,0,0,0,0,3.03,2.70,0.20,1.21,7.03,
1,1595874774,2020,7,27,18,32,54,7,2,3,2,2,1,0,0,0,0,0,0,0,0,0,0,3.03,2.72,0.21,1.20,1.20,
1,1595874777,2020,7,27,18,32,57,11,5,3,1,2,1,3,0,2,1,0,0,0,0,0,0,3.03,2.73,0.29,1.18,27.90,
1,1595876459,2020,7,27,19,0,59,0,0,0,0,0,0,0,0,0,0,0,0,0,0,0,0,2.15,4.25,0.00,0.00,0.00,
1,1595876462,2020,7,27,19,1,2,7,3,2,4,2,3,1,0,0,0,0,0,0,0,0,0,3.03,2.66,0.19,2.22,3.30,
1,1595876465,2020,7,27,19,1,5,5,2,3,1,2,2,1,2,0,0,0,0,0,0,0,0,3.03,2.62,0.21,1.54,8.28,
1,1595876468,2020,7,27,19,1,8,4,2,1,1,1,1,0,0,0,0,0,0,0,0,0,0,3.03,2.68,0.11,0.81,0.81,
1,1595876471,2020,7,27,19,1,11,11,3,1,1,0,1,1,0,0,0,0,0,0,0,0,0,3.03,2.55,0.18,0.71,1.83,
1,1595876483,2020,7,27,19,1,23,5,1,3,1,2,1,1,2,1,1,0,0,0,0,0,0,3.00,2.51,0.20,1.17,27.83,
1,1595876501,2020,7,27,19,1,41,6,4,1,2,0,2,0,0,0,0,0,0,0,0,0,0,3.00,2.51,0.17,1.26,1.26,
1,1595876504,2020,7,27,19,1,44,7,1,1,0,1,1,0,0,0,0,0,0,0,0,0,0,3.03,2.52,0.11,0.76,0.76,
1,1595876507,2020,7,27,19,1,47,4,4,2,1,1,0,1,0,0,0,0,0,0,0,0,0,3.03,2.52,0.20,0.51,1.65,
1,1595876510,2020,7,27,19,1,50,4,2,6,3,1,4,0,0,0,0,0,0,0,0,0,0,3.03,2.54,0.35,2.60,2.60,
1,1595876513,2020,7,27,19,1,53,8,4,1,0,1,2,1,1,0,0,0,0,0,0,0,0,3.03,2.55,0.18,1.24,5.27,
1,1595876516,2020,7,27,19,1,56,12,1,5,2,2,1,0,1,0,0,0,0,0,0,0,0,3.03,2.55,0.34,1.39,4.29,
1,1595876519,2020,7,27,19,1,59,8,2,3,6,1,0,0,0,1,0,0,0,0,0,0,0,3.03,2.56,0.23,1.05,7.18,
1,1595876523,2020,7,27,19,2,3,3,5,4,4,0,2,0,2,0,0,0,0,0,0,0,0,3.03,2.58,0.30,1.56,7.31,
1,1595876526,2020,7,27,19,2,6,10,1,2,6,0,2,2,1,1,0,0,0,0,0,0,0,3.03,2.59,0.18,1.63,12.78,
1,1595876529,2020,7,27,19,2,9,10,4,5,3,3,1,1,0,0,1,0,0,0,0,0,0,3.03,2.63,0.37,1.68,15.24,
1,1595876532,2020,7,27,19,2,12,7,3,8,1,2,3,0,0,1,0,0,0,0,0,0,0,3.03,2.65,0.47,2.20,8.13,
1,1595876535,2020,7,27,19,2,15,4,1,2,2,0,2,1,0,0,0,0,0,0,0,0,0,3.03,2.65,0.14,1.16,2.24,
1,1595876538,2020,7,27,19,2,18,6,2,2,2,1,0,1,0,0,0,0,0,0,0,0,0,3.03,2.66,0.17,0.56,1.64,
1,1595876541,2020,7,27,19,2,21,9,4,2,2,3,4,1,0,0,0,0,0,0,0,0,0,3.03,2.51,0.24,2.81,3.95,
1,1595876544,2020,7,27,19,2,24,6,2,5,2,1,2,1,1,0,0,0,0,0,0,0,0,3.03,2.54,0.32,1.59,5.63,
1,1595876547,2020,7,27,19,2,27,7,3,2,6,2,1,2,0,1,0,0,0,0,0,0,0,3.03,2.57,0.20,1.65,9.99,
1,1595876550,2020,7,27,19,2,30,3,0,4,4,0,3,2,0,0,0,0,0,0,0,0,0,3.03,2.57,0.21,1.89,4.12,
1,1595876553,2020,7,27,19,2,33,3,1,2,3,1,0,1,0,0,0,0,0,0,0,0,0,3.03,2.58,0.13,0.64,1.75,
1,1595876556,2020,7,27,19,2,36,5,2,4,2,1,1,1,0,2,0,0,0,0,0,0,0,3.03,2.58,0.26,1.09,14.40,
1,1595876559,2020,7,27,19,2,39,10,4,3,2,3,2,0,0,0,0,0,0,0,0,0,0,3.03,2.59,0.28,1.94,1.94,
1,1595876562,2020,7,27,19,2,42,9,1,2,0,1,3,1,0,0,0,1,0,0,0,0,0,3.03,2.59,0.17,1.64,28.16,
1,1595876565,2020,7,27,19,2,45,8,5,0,0,0,0,1,0,0,0,0,0,0,0,0,0,3.03,2.60,0.15,0.15,1.25,
1,1595876568,2020,7,27,19,2,48,10,7,10,2,0,1,1,0,0,0,0,0,0,0,0,0,3.03,2.64,0.66,1.27,2.35,
1,1595876571,2020,7,27,19,2,51,6,2,4,2,1,3,1,0,0,0,0,0,0,0,0,0,3.03,2.65,0.26,1.89,2.97,
1,1595876574,2020,7,27,19,2,54,9,4,2,2,1,0,2,0,0,0,0,0,0,0,0,0,3.03,2.67,0.22,0.62,2.76,
1,1595876577,2020,7,27,19,2,57,7,4,1,3,2,2,1,0,0,0,0,0,0,0,0,0,3.03,2.66,0.16,1.68,2.75,
